[planner-bias-sweep] character=Ironclad episodes=180 trials=4 biases=0,-3
[arm-start] cost_bias=0 (planner-bias-sweep arm)
  [cell] InkletsNormal                    bucket=Monster wins=4/4 (100%) outcomes=W/W/W/W avg_reward=+30.3
  [cell-deck] InkletsNormal Monster STRIKE_IRONCLAD,STRIKE_IRONCLAD,DEFEND_IRONCLAD,DEFEND_IRONCLAD,BASH,ANGER,VICIOUS,BREAKTHROUGH,SHRUG_IT_OFF,TWIN_STRIKE,BLOODLETTING,INFLAME,MOLTEN_FIST,SETUP_STRIKE,HEADBUTT,STRIKE_IRONCLAD,PRIMAL_FORCE,PILLAGE,NOT_YET,PACTS_END,RAGE,HEMOKINESIS,BODY_SLAM,EXPECT_A_FIGHT
  [cell] TwoTailedRatsNormal              bucket=Monster wins=4/4 (100%) outcomes=W/W/W/W avg_reward=+43.8
  [cell-deck] TwoTailedRatsNormal Monster STRIKE_IRONCLAD,STRIKE_IRONCLAD,DEFEND_IRONCLAD,DEFEND_IRONCLAD,DEFEND_IRONCLAD,DEFEND_IRONCLAD,STOMP,INFERNO,TEAR_ASUNDER,STRIKE_IRONCLAD,ANGER,BRAND,HEADBUTT,WHIRLWIND,THUNDERCLAP,BLOOD_WALL,ARMAMENTS,BREAKTHROUGH,PILLAGE,CINDER,HEADBUTT,EXPECT_A_FIGHT,INFERNO,BLOODLETTING,BARRICADE,SETUP_STRIKE
  [cell] ToadpolesWeak                    bucket=Monster wins=4/4 (100%) outcomes=W/W/W/W avg_reward=+42.8
  [cell-deck] ToadpolesWeak Monster STRIKE_IRONCLAD,STRIKE_IRONCLAD,STRIKE_IRONCLAD,DEFEND_IRONCLAD,DEFEND_IRONCLAD,AGGRESSION,SHRUG_IT_OFF,HEADBUTT,DEFEND_IRONCLAD,FIGHT_ME,SPITE,HOWL_FROM_BEYOND,BREAKTHROUGH,HOWL_FROM_BEYOND,PERFECTED_STRIKE,MOLTEN_FIST,PERFECTED_STRIKE,TAUNT,DOMINATE,BLOOD_WALL,DRUM_OF_BATTLE,STAMPEDE,UNRELENTING,BASH,BULLY
  [cell] CorpseSlugsNormal                bucket=Monster wins=4/4 (100%) outcomes=W/W/W/W avg_reward=+63.5
  [cell-deck] CorpseSlugsNormal Monster STRIKE_IRONCLAD,STRIKE_IRONCLAD,STRIKE_IRONCLAD,DEFEND_IRONCLAD,DEFEND_IRONCLAD,BASH,TREMBLE,INFERNO,PERFECTED_STRIKE,BASH,IRON_WAVE,PERFECTED_STRIKE,BASH,UNMOVABLE,HOWL_FROM_BEYOND,TAUNT,BULLY,TWIN_STRIKE,MOLTEN_FIST,HEMOKINESIS,BREAKTHROUGH,THRASH,BRAND,HAVOC,THRASH,HAVOC,DRUM_OF_BATTLE
  [cell] CorpseSlugsWeak                  bucket=Monster wins=4/4 (100%) outcomes=W/W/W/W avg_reward=+29.8
  [cell-deck] CorpseSlugsWeak Monster STRIKE_IRONCLAD,STRIKE_IRONCLAD,STRIKE_IRONCLAD,DEFEND_IRONCLAD,DEFEND_IRONCLAD,WHIRLWIND,INFERNAL_BLADE,SETUP_STRIKE,STRIKE_IRONCLAD,SWORD_BOOMERANG,FIEND_FIRE,HAVOC,STOKE,CINDER,STOKE,DOMINATE,JUGGLING,BASH,ASHEN_STRIKE,PERFECTED_STRIKE,AGGRESSION,BASH,STAMPEDE,STOMP,HOWL_FROM_BEYOND
  [cell] ExoskeletonsNormal               bucket=Monster wins=1/4 ( 25%) outcomes=L/W/L/L avg_reward=+21.0
  [cell-deck] ExoskeletonsNormal Monster STRIKE_IRONCLAD,DEFEND_IRONCLAD,DEFEND_IRONCLAD,DEFEND_IRONCLAD,DEFEND_IRONCLAD,BASH,WHIRLWIND,INFERNAL_BLADE,FEED,EVIL_EYE,BASH,ASHEN_STRIKE,RUPTURE,TRUE_GRIT,BASH,PACTS_END,EXPECT_A_FIGHT,SECOND_WIND,IRON_WAVE,RUPTURE,TRUE_GRIT,FEEL_NO_PAIN,SWORD_BOOMERANG,SETUP_STRIKE,PYRE,BLUDGEON,PERFECTED_STRIKE
  [cell] ExoskeletonsWeak                 bucket=Monster wins=4/4 (100%) outcomes=W/W/W/W avg_reward=+49.8
  [cell-deck] ExoskeletonsWeak Monster STRIKE_IRONCLAD,STRIKE_IRONCLAD,STRIKE_IRONCLAD,STRIKE_IRONCLAD,BASH,WHIRLWIND,COLOSSUS,UPPERCUT,DOMINATE,CRUELTY,ANGER,FIGHT_ME,FEEL_NO_PAIN,VICIOUS,TWIN_STRIKE,BATTLE_TRANCE,INFERNAL_BLADE,DEMONIC_SHIELD,STONE_ARMOR,BLOODLETTING,PRIMAL_FORCE,FEEL_NO_PAIN,MOLTEN_FIST,INFERNO,SPITE
  [cell] ScrollsOfBitingNormal            bucket=Monster wins=4/4 (100%) outcomes=W/W/W/W avg_reward=+92.8
  [cell-deck] ScrollsOfBitingNormal Monster STRIKE_IRONCLAD,STRIKE_IRONCLAD,STRIKE_IRONCLAD,DEFEND_IRONCLAD,DEFEND_IRONCLAD,DEFEND_IRONCLAD,BLOOD_WALL,INFERNAL_BLADE,BLOODLETTING,PERFECTED_STRIKE,OFFERING,IMPERVIOUS,DISMANTLE,THUNDERCLAP,RAGE,EXPECT_A_FIGHT,INFLAME,HEMOKINESIS,HEMOKINESIS,TRUE_GRIT,PRIMAL_FORCE,THUNDERCLAP,INFERNAL_BLADE,ANGER,HEMOKINESIS
  [cell] ScrollsOfBitingWeak              bucket=Monster wins=2/4 ( 50%) outcomes=L/L/W/W avg_reward=+14.8
  [cell-deck] ScrollsOfBitingWeak Monster STRIKE_IRONCLAD,STRIKE_IRONCLAD,DEFEND_IRONCLAD,DEFEND_IRONCLAD,DEFEND_IRONCLAD,WHIRLWIND,WHIRLWIND,CINDER,TAUNT,SECOND_WIND,PILLAGE,EXPECT_A_FIGHT,UPPERCUT,SETUP_STRIKE,BLOOD_WALL,TAUNT,HEADBUTT,IRON_WAVE,IRON_WAVE,POMMEL_STRIKE,DOMINATE,RAGE,FEEL_NO_PAIN,BURNING_PACT,ARMAMENTS
  [cell] SludgeSpinnerWeak                bucket=Monster wins=4/4 (100%) outcomes=W/W/W/W avg_reward=+29.3
  [cell-deck] SludgeSpinnerWeak Monster STRIKE_IRONCLAD,STRIKE_IRONCLAD,STRIKE_IRONCLAD,DEFEND_IRONCLAD,DEFEND_IRONCLAD,BASH,BULLY,INFERNAL_BLADE,THUNDERCLAP,THUNDERCLAP,BLOODLETTING,TRUE_GRIT,TWIN_STRIKE,SWORD_BOOMERANG,DEFEND_IRONCLAD,BLOOD_WALL,RAGE,CINDER,HAVOC,BLUDGEON,FIGHT_ME,FIGHT_ME,BODY_SLAM,DOMINATE,DEFEND_IRONCLAD,MOLTEN_FIST
  [cell] ShrinkerBeetleWeak               bucket=Monster wins=4/4 (100%) outcomes=W/W/W/W avg_reward=+39.0
  [cell-deck] ShrinkerBeetleWeak Monster STRIKE_IRONCLAD,STRIKE_IRONCLAD,STRIKE_IRONCLAD,STRIKE_IRONCLAD,DEFEND_IRONCLAD,WHIRLWIND,SHRUG_IT_OFF,INFERNAL_BLADE,FIEND_FIRE,BLUDGEON,CONFLAGRATION,DISMANTLE,MOLTEN_FIST,HOWL_FROM_BEYOND,CONFLAGRATION,PERFECTED_STRIKE,FIGHT_ME,SPITE,CRIMSON_MANTLE,BLUDGEON,VICIOUS,UPPERCUT,BREAKTHROUGH,TRUE_GRIT,DOMINATE,SETUP_STRIKE
  [cell] AxebotsNormal                    bucket=Monster wins=0/4 (  0%) outcomes=L/L/L/L avg_reward=+53.3
  [cell-deck] AxebotsNormal Monster STRIKE_IRONCLAD,STRIKE_IRONCLAD,STRIKE_IRONCLAD,DEFEND_IRONCLAD,DEFEND_IRONCLAD,BASH,DEMONIC_SHIELD,IMPERVIOUS,PERFECTED_STRIKE,BLOODLETTING,POMMEL_STRIKE,FEED,MOLTEN_FIST,STONE_ARMOR,THUNDERCLAP,TAUNT,SWORD_BOOMERANG,VICIOUS,EXPECT_A_FIGHT,FEEL_NO_PAIN,BLOODLETTING,TREMBLE,STRIKE_IRONCLAD,PERFECTED_STRIKE,BASH,DEFEND_IRONCLAD,HELLRAISER
  [cell] NibbitsNormal                    bucket=Monster wins=4/4 (100%) outcomes=W/W/W/W avg_reward=+70.8
  [cell-deck] NibbitsNormal Monster STRIKE_IRONCLAD,STRIKE_IRONCLAD,STRIKE_IRONCLAD,DEFEND_IRONCLAD,DEFEND_IRONCLAD,VICIOUS,INFERNO,SPITE,TRUE_GRIT,MOLTEN_FIST,THUNDERCLAP,DARK_EMBRACE,BREAKTHROUGH,CINDER,FORGOTTEN_RITUAL,FEED,DRUM_OF_BATTLE,VICIOUS,WHIRLWIND,POMMEL_STRIKE,POMMEL_STRIKE,DEFEND_IRONCLAD,VICIOUS,POMMEL_STRIKE,PACTS_END,IMPERVIOUS
  [cell] NibbitsWeak                      bucket=Monster wins=4/4 (100%) outcomes=W/W/W/W avg_reward=+36.0
  [cell-deck] NibbitsWeak Monster STRIKE_IRONCLAD,STRIKE_IRONCLAD,STRIKE_IRONCLAD,STRIKE_IRONCLAD,DEFEND_IRONCLAD,BASH,FORGOTTEN_RITUAL,IMPERVIOUS,FEEL_NO_PAIN,FIGHT_ME,BREAKTHROUGH,STRIKE_IRONCLAD,BULLY,SHRUG_IT_OFF,HOWL_FROM_BEYOND,PERFECTED_STRIKE,WHIRLWIND,SHRUG_IT_OFF,DEMONIC_SHIELD,ONE_TWO_PUNCH,TEAR_ASUNDER,FORGOTTEN_RITUAL,HOWL_FROM_BEYOND,TRUE_GRIT,THUNDERCLAP,WHIRLWIND,SHRUG_IT_OFF
  [cell] SeapunkWeak                      bucket=Monster wins=4/4 (100%) outcomes=W/W/W/W avg_reward=+37.5
  [cell-deck] SeapunkWeak Monster DEFEND_IRONCLAD,DEFEND_IRONCLAD,DEFEND_IRONCLAD,DEFEND_IRONCLAD,BASH,VICIOUS,CONFLAGRATION,ANGER,HEADBUTT,ANGER,INFERNO,CINDER,STOKE,VICIOUS,MOLTEN_FIST,BLOODLETTING,DEFEND_IRONCLAD,BURNING_PACT,SETUP_STRIKE,BODY_SLAM,DEMONIC_SHIELD,MOLTEN_FIST,STOMP,EXPECT_A_FIGHT,THUNDERCLAP,COLOSSUS
  [cell] FossilStalkerNormal              bucket=Monster wins=4/4 (100%) outcomes=W/W/W/W avg_reward=+26.8
  [cell-deck] FossilStalkerNormal Monster STRIKE_IRONCLAD,STRIKE_IRONCLAD,DEFEND_IRONCLAD,DEFEND_IRONCLAD,BASH,IRON_WAVE,BATTLE_TRANCE,HEADBUTT,DEFEND_IRONCLAD,CINDER,STRIKE_IRONCLAD,EXPECT_A_FIGHT,HOWL_FROM_BEYOND,EVIL_EYE,PACTS_END,EVIL_EYE,BLOODLETTING,BURNING_PACT,TANK,STAMPEDE,JUGGLING,FORGOTTEN_RITUAL,SWORD_BOOMERANG,DEFEND_IRONCLAD,IRON_WAVE,HEADBUTT
  [cell] PunchConstructNormal             bucket=Monster wins=4/4 (100%) outcomes=W/W/W/W avg_reward=+46.5
  [cell-deck] PunchConstructNormal Monster STRIKE_IRONCLAD,STRIKE_IRONCLAD,STRIKE_IRONCLAD,STRIKE_IRONCLAD,DEFEND_IRONCLAD,DEFEND_IRONCLAD,FLAME_BARRIER,ARMAMENTS,UNRELENTING,BATTLE_TRANCE,IRON_WAVE,HEADBUTT,BLOODLETTING,SWORD_BOOMERANG,STOKE,SETUP_STRIKE,BREAKTHROUGH,SETUP_STRIKE,BATTLE_TRANCE,SWORD_BOOMERANG,SETUP_STRIKE,IRON_WAVE,FIEND_FIRE,BARRICADE,SETUP_STRIKE,POMMEL_STRIKE
  [cell] SewerClamNormal                  bucket=Monster wins=4/4 (100%) outcomes=W/W/W/W avg_reward=+45.5
  [cell-deck] SewerClamNormal Monster STRIKE_IRONCLAD,STRIKE_IRONCLAD,DEFEND_IRONCLAD,DEFEND_IRONCLAD,DEFEND_IRONCLAD,IRON_WAVE,SWORD_BOOMERANG,SETUP_STRIKE,STRIKE_IRONCLAD,PRIMAL_FORCE,HEADBUTT,DISMANTLE,BASH,BATTLE_TRANCE,SPITE,BLOOD_WALL,BASH,HEADBUTT,MOLTEN_FIST,DEFEND_IRONCLAD,BURNING_PACT,SECOND_WIND,PILLAGE,ANGER,STRIKE_IRONCLAD,BURNING_PACT
  [cell] FuzzyWurmCrawlerWeak             bucket=Monster wins=4/4 (100%) outcomes=W/W/W/W avg_reward=+48.8
  [cell-deck] FuzzyWurmCrawlerWeak Monster STRIKE_IRONCLAD,STRIKE_IRONCLAD,STRIKE_IRONCLAD,STRIKE_IRONCLAD,DEFEND_IRONCLAD,BASH,INFERNO,ARMAMENTS,SETUP_STRIKE,EVIL_EYE,BASH,THUNDERCLAP,SPITE,STONE_ARMOR,FEEL_NO_PAIN,HEMOKINESIS,EVIL_EYE,IMPERVIOUS,ARMAMENTS,ASHEN_STRIKE,HEADBUTT,ARMAMENTS,ARMAMENTS,EXPECT_A_FIGHT,IRON_WAVE,FEED
  [cell] VineShamblerNormal               bucket=Monster wins=4/4 (100%) outcomes=W/W/W/W avg_reward=+38.5
  [cell-deck] VineShamblerNormal Monster STRIKE_IRONCLAD,STRIKE_IRONCLAD,STRIKE_IRONCLAD,DEFEND_IRONCLAD,DEFEND_IRONCLAD,IRON_WAVE,OFFERING,VICIOUS,DOMINATE,BLOOD_WALL,BASH,DEFEND_IRONCLAD,RAGE,TANK,TRUE_GRIT,THRASH,ANGER,PRIMAL_FORCE,DISMANTLE,STONE_ARMOR,THUNDERCLAP,ANGER,HAVOC,SETUP_STRIKE
  [cell] HauntedShipNormal                bucket=Monster wins=4/4 (100%) outcomes=W/W/W/W avg_reward=+54.8
  [cell-deck] HauntedShipNormal Monster STRIKE_IRONCLAD,STRIKE_IRONCLAD,STRIKE_IRONCLAD,DEFEND_IRONCLAD,DEFEND_IRONCLAD,DEFEND_IRONCLAD,PERFECTED_STRIKE,ARMAMENTS,HEMOKINESIS,PERFECTED_STRIKE,OFFERING,DISMANTLE,FIEND_FIRE,SPITE,UPPERCUT,CASCADE,INFERNO,COLOSSUS,VICIOUS,DEFEND_IRONCLAD,BREAKTHROUGH,JUGGERNAUT,SECOND_WIND,PRIMAL_FORCE,DRUM_OF_BATTLE,BASH,CINDER
  [cell] ChompersNormal                   bucket=Monster wins=4/4 (100%) outcomes=W/W/W/W avg_reward=+72.3
  [cell-deck] ChompersNormal Monster STRIKE_IRONCLAD,STRIKE_IRONCLAD,STRIKE_IRONCLAD,DEFEND_IRONCLAD,DEFEND_IRONCLAD,IRON_WAVE,EVIL_EYE,COLOSSUS,TAUNT,IRON_WAVE,RUPTURE,CINDER,DEFEND_IRONCLAD,ONE_TWO_PUNCH,BASH,PILLAGE,UNRELENTING,THUNDERCLAP,ASHEN_STRIKE,DEMON_FORM,IRON_WAVE,DISMANTLE,CINDER,HAVOC
  [cell] CubexConstructNormal             bucket=Monster wins=4/4 (100%) outcomes=W/W/W/W avg_reward=+58.8
  [cell-deck] CubexConstructNormal Monster STRIKE_IRONCLAD,STRIKE_IRONCLAD,DEFEND_IRONCLAD,DEFEND_IRONCLAD,DEFEND_IRONCLAD,BASH,SETUP_STRIKE,ANGER,CINDER,THUNDERCLAP,BLOODLETTING,SPITE,ANGER,SETUP_STRIKE,MOLTEN_FIST,UPPERCUT,PRIMAL_FORCE,ANGER,TWIN_STRIKE,INFERNO,TRUE_GRIT,ASHEN_STRIKE,FEED,UNRELENTING,BLUDGEON
  [cell] MytesNormal                      bucket=Monster wins=4/4 (100%) outcomes=W/W/W/W avg_reward=+101.0
  [cell-deck] MytesNormal Monster STRIKE_IRONCLAD,DEFEND_IRONCLAD,DEFEND_IRONCLAD,DEFEND_IRONCLAD,BASH,IRON_WAVE,BLOOD_WALL,INFERNO,FIEND_FIRE,UPPERCUT,DISMANTLE,BULLY,THUNDERCLAP,EVIL_EYE,CINDER,FIGHT_ME,TREMBLE,BLOOD_WALL,STOMP,STRIKE_IRONCLAD,BULLY,PERFECTED_STRIKE,ARMAMENTS,BODY_SLAM
  [cell] MawlerNormal                     bucket=Monster wins=4/4 (100%) outcomes=W/W/W/W avg_reward=+58.5
  [cell-deck] MawlerNormal Monster STRIKE_IRONCLAD,STRIKE_IRONCLAD,STRIKE_IRONCLAD,DEFEND_IRONCLAD,DEFEND_IRONCLAD,BASH,STRIKE_IRONCLAD,ANGER,UPPERCUT,BLUDGEON,POMMEL_STRIKE,BULLY,PILLAGE,RAGE,BREAKTHROUGH,SETUP_STRIKE,STRIKE_IRONCLAD,STAMPEDE,THUNDERCLAP,SETUP_STRIKE,POMMEL_STRIKE,MANGLE,ARMAMENTS,CRUELTY,TWIN_STRIKE,INFERNO
  [cell] ThievingHopperWeak               bucket=Monster wins=4/4 (100%) outcomes=W/W/W/W avg_reward=+58.3
  [cell-deck] ThievingHopperWeak Monster STRIKE_IRONCLAD,STRIKE_IRONCLAD,STRIKE_IRONCLAD,DEFEND_IRONCLAD,BASH,INFLAME,TAUNT,STAMPEDE,TREMBLE,HAVOC,TWIN_STRIKE,BODY_SLAM,HOWL_FROM_BEYOND,BLOOD_WALL,FLAME_BARRIER,BODY_SLAM,TAUNT,DRUM_OF_BATTLE,INFLAME,DISMANTLE,TEAR_ASUNDER,TRUE_GRIT,TANK,TEAR_ASUNDER,TWIN_STRIKE
  [cell] FogmogNormal                     bucket=Monster wins=4/4 (100%) outcomes=W/W/W/W avg_reward=+80.3
  [cell-deck] FogmogNormal Monster STRIKE_IRONCLAD,STRIKE_IRONCLAD,DEFEND_IRONCLAD,DEFEND_IRONCLAD,DEFEND_IRONCLAD,ANGER,SETUP_STRIKE,FLAME_BARRIER,BRAND,PILLAGE,CONFLAGRATION,POMMEL_STRIKE,STOKE,HOWL_FROM_BEYOND,VICIOUS,IRON_WAVE,SWORD_BOOMERANG,TWIN_STRIKE,FIGHT_ME,BASH,RUPTURE,MOLTEN_FIST,SHRUG_IT_OFF,CASCADE,BASH,POMMEL_STRIKE
  [cell] GremlinMercNormal                bucket=Monster wins=4/4 (100%) outcomes=W/W/W/W avg_reward=+54.3
  [cell-deck] GremlinMercNormal Monster STRIKE_IRONCLAD,STRIKE_IRONCLAD,STRIKE_IRONCLAD,DEFEND_IRONCLAD,DEFEND_IRONCLAD,DEFEND_IRONCLAD,HOWL_FROM_BEYOND,INFLAME,PACTS_END,ARMAMENTS,HAVOC,TAUNT,MOLTEN_FIST,BLOODLETTING,BASH,TAUNT,MANGLE,TREMBLE,STONE_ARMOR,MOLTEN_FIST,COLOSSUS,SWORD_BOOMERANG,IRON_WAVE,BURNING_PACT,POMMEL_STRIKE,MOLTEN_FIST,CASCADE
  [cell] SnappingJaxfruitNormal           bucket=Monster wins=4/4 (100%) outcomes=W/W/W/W avg_reward=+50.8
  [cell-deck] SnappingJaxfruitNormal Monster STRIKE_IRONCLAD,STRIKE_IRONCLAD,STRIKE_IRONCLAD,STRIKE_IRONCLAD,DEFEND_IRONCLAD,ANGER,HOWL_FROM_BEYOND,PRIMAL_FORCE,RUPTURE,BASH,THUNDERCLAP,ONE_TWO_PUNCH,FEEL_NO_PAIN,CINDER,BLUDGEON,DEFEND_IRONCLAD,STAMPEDE,BREAKTHROUGH,BLOODLETTING,MOLTEN_FIST,EVIL_EYE,THRASH,JUGGLING,TWIN_STRIKE
  [cell] LivingFogNormal                  bucket=Monster wins=4/4 (100%) outcomes=W/W/W/W avg_reward=+86.8
  [cell-deck] LivingFogNormal Monster STRIKE_IRONCLAD,STRIKE_IRONCLAD,STRIKE_IRONCLAD,STRIKE_IRONCLAD,DEFEND_IRONCLAD,DEFEND_IRONCLAD,MOLTEN_FIST,INFLAME,EXPECT_A_FIGHT,DEFEND_IRONCLAD,UNRELENTING,DEFEND_IRONCLAD,BREAKTHROUGH,BASH,RAGE,PACTS_END,SETUP_STRIKE,PYRE,SHRUG_IT_OFF,STONE_ARMOR,VICIOUS,DRUM_OF_BATTLE,BREAKTHROUGH,INFLAME,HEADBUTT,DEFEND_IRONCLAD,INFERNAL_BLADE
  [cell] SeapunkNormal                    bucket=Monster wins=4/4 (100%) outcomes=W/W/W/W avg_reward=+62.5
  [cell-deck] SeapunkNormal Monster STRIKE_IRONCLAD,DEFEND_IRONCLAD,DEFEND_IRONCLAD,DEFEND_IRONCLAD,BASH,ANGER,CINDER,TRUE_GRIT,CINDER,INFLAME,INFERNO,JUGGLING,UPPERCUT,UPPERCUT,DEMON_FORM,ASHEN_STRIKE,SETUP_STRIKE,FLAME_BARRIER,TAUNT,BATTLE_TRANCE,ANGER,BODY_SLAM,EXPECT_A_FIGHT,POMMEL_STRIKE
  [cell] TunnelerWeak                     bucket=Monster wins=4/4 (100%) outcomes=W/W/W/W avg_reward=+61.3
  [cell-deck] TunnelerWeak Monster STRIKE_IRONCLAD,STRIKE_IRONCLAD,DEFEND_IRONCLAD,DEFEND_IRONCLAD,BASH,HEADBUTT,BODY_SLAM,SPITE,TRUE_GRIT,SHRUG_IT_OFF,STRIKE_IRONCLAD,FIGHT_ME,THUNDERCLAP,FEED,HAVOC,NOT_YET,SWORD_BOOMERANG,PERFECTED_STRIKE,HEMOKINESIS,WHIRLWIND,HEADBUTT,POMMEL_STRIKE,BLOODLETTING,HAVOC,CRUELTY
  [cell] SlimesNormal                     bucket=Monster wins=4/4 (100%) outcomes=W/W/W/W avg_reward=+76.3
  [cell-deck] SlimesNormal Monster STRIKE_IRONCLAD,DEFEND_IRONCLAD,DEFEND_IRONCLAD,DEFEND_IRONCLAD,DEFEND_IRONCLAD,BASH,TREMBLE,TWIN_STRIKE,ARMAMENTS,FIGHT_ME,BREAKTHROUGH,UPPERCUT,BLOODLETTING,THRASH,BREAKTHROUGH,SHRUG_IT_OFF,ANGER,UNRELENTING,STONE_ARMOR,CINDER,DRUM_OF_BATTLE,SHRUG_IT_OFF,CRUELTY,DEFEND_IRONCLAD,ANGER,STOKE
  [cell] SlimesWeak                       bucket=Monster wins=4/4 (100%) outcomes=W/W/W/W avg_reward=+47.8
  [cell-deck] SlimesWeak Monster STRIKE_IRONCLAD,STRIKE_IRONCLAD,STRIKE_IRONCLAD,DEFEND_IRONCLAD,BASH,HEADBUTT,TREMBLE,ANGER,HEADBUTT,BREAKTHROUGH,HEADBUTT,EVIL_EYE,HOWL_FROM_BEYOND,BLOODLETTING,NOT_YET,EVIL_EYE,STAMPEDE,TAUNT,BULLY,INFERNO,BLOOD_WALL,TWIN_STRIKE,TRUE_GRIT,BLOODLETTING,JUGGLING
  [cell] CultistsNormal                   bucket=Monster wins=4/4 (100%) outcomes=W/W/W/W avg_reward=+74.3
  [cell-deck] CultistsNormal Monster STRIKE_IRONCLAD,STRIKE_IRONCLAD,STRIKE_IRONCLAD,DEFEND_IRONCLAD,DEFEND_IRONCLAD,BASH,AGGRESSION,TWIN_STRIKE,STOMP,POMMEL_STRIKE,SECOND_WIND,FORGOTTEN_RITUAL,SPITE,SWORD_BOOMERANG,STOKE,INFERNAL_BLADE,BODY_SLAM,SETUP_STRIKE,SHRUG_IT_OFF,HEMOKINESIS,BASH,CRIMSON_MANTLE,TRUE_GRIT,OFFERING,SWORD_BOOMERANG,INFERNAL_BLADE
  [cell] TurretOperatorWeak               bucket=Monster wins=4/4 (100%) outcomes=W/W/W/W avg_reward=+58.0
  [cell-deck] TurretOperatorWeak Monster STRIKE_IRONCLAD,STRIKE_IRONCLAD,STRIKE_IRONCLAD,DEFEND_IRONCLAD,BASH,HEADBUTT,POMMEL_STRIKE,DEFEND_IRONCLAD,UNRELENTING,PERFECTED_STRIKE,BASH,DEMONIC_SHIELD,BASH,THUNDERCLAP,SHRUG_IT_OFF,BLOOD_WALL,SETUP_STRIKE,BASH,TWIN_STRIKE,ANGER,SPITE,CINDER,SETUP_STRIKE,TAUNT,SWORD_BOOMERANG
  [cell] OvergrowthCrawlers               bucket=Monster wins=3/4 ( 75%) outcomes=W/W/L/W avg_reward=+37.0
  [cell-deck] OvergrowthCrawlers Monster STRIKE_IRONCLAD,STRIKE_IRONCLAD,STRIKE_IRONCLAD,DEFEND_IRONCLAD,DEFEND_IRONCLAD,DEFEND_IRONCLAD,BLOOD_WALL,TWIN_STRIKE,IRON_WAVE,TRUE_GRIT,CINDER,TANK,FIEND_FIRE,STOMP,FEEL_NO_PAIN,COLOSSUS,DOMINATE,IMPERVIOUS,RAMPAGE,RUPTURE,STRIKE_IRONCLAD,STAMPEDE,OFFERING,TREMBLE,PILLAGE,BURNING_PACT,UPPERCUT
  [cell] BowlbugsNormal                   bucket=Monster wins=1/4 ( 25%) outcomes=L/W/L/L avg_reward=-0.3
  [cell-deck] BowlbugsNormal Monster STRIKE_IRONCLAD,STRIKE_IRONCLAD,STRIKE_IRONCLAD,DEFEND_IRONCLAD,DEFEND_IRONCLAD,HEADBUTT,FORGOTTEN_RITUAL,JUGGERNAUT,INFERNAL_BLADE,BASH,RUPTURE,CRUELTY,RAGE,PERFECTED_STRIKE,TREMBLE,THRASH,PRIMAL_FORCE,DEMONIC_SHIELD,RAGE,IRON_WAVE,HAVOC,JUGGERNAUT,IRON_WAVE,MANGLE,BLOOD_WALL
  [cell] BowlbugsWeak                     bucket=Monster wins=4/4 (100%) outcomes=W/W/W/W avg_reward=+41.5
  [cell-deck] BowlbugsWeak Monster STRIKE_IRONCLAD,STRIKE_IRONCLAD,DEFEND_IRONCLAD,DEFEND_IRONCLAD,DEFEND_IRONCLAD,BASH,BURNING_PACT,TWIN_STRIKE,DEFEND_IRONCLAD,BREAKTHROUGH,SPITE,DEFEND_IRONCLAD,ANGER,SHRUG_IT_OFF,UPPERCUT,WHIRLWIND,HOWL_FROM_BEYOND,COLOSSUS,PILLAGE,TRUE_GRIT,IRON_WAVE,DEFEND_IRONCLAD,CONFLAGRATION,BREAKTHROUGH,HAVOC
  [cell] FlyconidNormal                   bucket=Monster wins=4/4 (100%) outcomes=W/W/W/W avg_reward=+61.3
  [cell-deck] FlyconidNormal Monster STRIKE_IRONCLAD,STRIKE_IRONCLAD,STRIKE_IRONCLAD,STRIKE_IRONCLAD,DEFEND_IRONCLAD,DEFEND_IRONCLAD,SPITE,HEADBUTT,BODY_SLAM,STRIKE_IRONCLAD,ANGER,INFERNO,DOMINATE,CINDER,DEFEND_IRONCLAD,FEEL_NO_PAIN,BASH,PILLAGE,PACTS_END,IRON_WAVE,FORGOTTEN_RITUAL,ARMAMENTS,BATTLE_TRANCE,TANK,DRUM_OF_BATTLE
  [cell] SpinyToadNormal                  bucket=Monster wins=4/4 (100%) outcomes=W/W/W/W avg_reward=+72.3
  [cell-deck] SpinyToadNormal Monster STRIKE_IRONCLAD,STRIKE_IRONCLAD,DEFEND_IRONCLAD,DEFEND_IRONCLAD,BASH,TWIN_STRIKE,ARMAMENTS,HEADBUTT,DEFEND_IRONCLAD,SETUP_STRIKE,PILLAGE,SECOND_WIND,MOLTEN_FIST,SHRUG_IT_OFF,POMMEL_STRIKE,ANGER,MOLTEN_FIST,BLUDGEON,DARK_EMBRACE,STOMP,TRUE_GRIT,INFERNAL_BLADE,CINDER,PILLAGE
  [cell] ConstructMenagerieNormal         bucket=Monster wins=0/4 (  0%) outcomes=L/L/L/L avg_reward=+11.3
  [cell-deck] ConstructMenagerieNormal Monster STRIKE_IRONCLAD,STRIKE_IRONCLAD,DEFEND_IRONCLAD,DEFEND_IRONCLAD,DEFEND_IRONCLAD,DEFEND_IRONCLAD,THRASH,HEADBUTT,TRUE_GRIT,BASH,JUGGERNAUT,TWIN_STRIKE,TWIN_STRIKE,BREAKTHROUGH,THUNDERCLAP,BLOODLETTING,CINDER,FIGHT_ME,JUGGLING,SPITE,BLUDGEON,IRON_WAVE,SHRUG_IT_OFF,BLUDGEON,BLUDGEON,WHIRLWIND
  [cell] HunterKillerNormal               bucket=Monster wins=4/4 (100%) outcomes=W/W/W/W avg_reward=+40.0
  [cell-deck] HunterKillerNormal Monster STRIKE_IRONCLAD,STRIKE_IRONCLAD,DEFEND_IRONCLAD,DEFEND_IRONCLAD,BASH,TWIN_STRIKE,STONE_ARMOR,RUPTURE,STRIKE_IRONCLAD,BODY_SLAM,CRIMSON_MANTLE,PYRE,BREAKTHROUGH,INFERNAL_BLADE,STRIKE_IRONCLAD,STAMPEDE,IRON_WAVE,FEED,ANGER,DEMON_FORM,MOLTEN_FIST,STONE_ARMOR,ARMAMENTS,EVIL_EYE,STRIKE_IRONCLAD
  [cell] TheObscuraNormal                 bucket=Monster wins=0/4 (  0%) outcomes=L/L/L/L avg_reward=+74.8
  [cell-deck] TheObscuraNormal Monster STRIKE_IRONCLAD,STRIKE_IRONCLAD,STRIKE_IRONCLAD,STRIKE_IRONCLAD,DEFEND_IRONCLAD,DEFEND_IRONCLAD,UPPERCUT,HAVOC,PYRE,DOMINATE,BASH,FIEND_FIRE,MOLTEN_FIST,BLUDGEON,HOWL_FROM_BEYOND,THUNDERCLAP,FIEND_FIRE,BODY_SLAM,INFERNAL_BLADE,VICIOUS,THUNDERCLAP,ASHEN_STRIKE,FORGOTTEN_RITUAL,HEADBUTT,TWIN_STRIKE,SECOND_WIND,TWIN_STRIKE
  [cell] RubyRaidersNormal                bucket=Monster wins=4/4 (100%) outcomes=W/W/W/W avg_reward=+54.5
  [cell-deck] RubyRaidersNormal Monster STRIKE_IRONCLAD,STRIKE_IRONCLAD,STRIKE_IRONCLAD,STRIKE_IRONCLAD,DEFEND_IRONCLAD,TWIN_STRIKE,JUGGERNAUT,UNRELENTING,DRUM_OF_BATTLE,ONE_TWO_PUNCH,THUNDERCLAP,PERFECTED_STRIKE,STOKE,COLOSSUS,UNRELENTING,IRON_WAVE,HEMOKINESIS,OFFERING,SHRUG_IT_OFF,STRIKE_IRONCLAD,CINDER,BLOOD_WALL,TANK,BARRICADE,BATTLE_TRANCE
  [cell] LouseProgenitorNormal            bucket=Monster wins=3/4 ( 75%) outcomes=W/W/L/W avg_reward=+81.0
  [cell-deck] LouseProgenitorNormal Monster STRIKE_IRONCLAD,STRIKE_IRONCLAD,DEFEND_IRONCLAD,DEFEND_IRONCLAD,DEFEND_IRONCLAD,BASH,BASH,HAVOC,HAVOC,OFFERING,ONE_TWO_PUNCH,STRIKE_IRONCLAD,BULLY,BLOOD_WALL,BASH,PERFECTED_STRIKE,IRON_WAVE,TREMBLE,HEADBUTT,BULLY,PERFECTED_STRIKE,MANGLE,BASH,SHRUG_IT_OFF,SHRUG_IT_OFF
  [cell] GlobeHeadNormal                  bucket=Monster wins=2/4 ( 50%) outcomes=L/W/W/L avg_reward=+66.3
  [cell-deck] GlobeHeadNormal Monster STRIKE_IRONCLAD,STRIKE_IRONCLAD,DEFEND_IRONCLAD,DEFEND_IRONCLAD,BASH,TRUE_GRIT,DEMON_FORM,CINDER,TEAR_ASUNDER,ARMAMENTS,INFERNO,MOLTEN_FIST,FEEL_NO_PAIN,WHIRLWIND,BLOODLETTING,DEFEND_IRONCLAD,FORGOTTEN_RITUAL,STRIKE_IRONCLAD,HOWL_FROM_BEYOND,DISMANTLE,TREMBLE,FLAME_BARRIER,POMMEL_STRIKE,STOKE,FEEL_NO_PAIN
  [cell] OvicopterNormal                  bucket=Monster wins=4/4 (100%) outcomes=W/W/W/W avg_reward=+101.3
  [cell-deck] OvicopterNormal Monster STRIKE_IRONCLAD,STRIKE_IRONCLAD,STRIKE_IRONCLAD,DEFEND_IRONCLAD,DEFEND_IRONCLAD,DEFEND_IRONCLAD,INFLAME,HOWL_FROM_BEYOND,BLOODLETTING,POMMEL_STRIKE,SECOND_WIND,CINDER,STRIKE_IRONCLAD,SETUP_STRIKE,BASH,EXPECT_A_FIGHT,BODY_SLAM,INFERNO,CONFLAGRATION,SWORD_BOOMERANG,ONE_TWO_PUNCH,TRUE_GRIT,BLUDGEON,CINDER,RAMPAGE
  [cell] DevotedSculptorWeak              bucket=Monster wins=0/4 (  0%) outcomes=L/L/L/L avg_reward=+38.0
  [cell-deck] DevotedSculptorWeak Monster STRIKE_IRONCLAD,STRIKE_IRONCLAD,STRIKE_IRONCLAD,DEFEND_IRONCLAD,BASH,VICIOUS,ANGER,DEFEND_IRONCLAD,UNRELENTING,HELLRAISER,BLOODLETTING,BREAKTHROUGH,FEEL_NO_PAIN,SHRUG_IT_OFF,SHRUG_IT_OFF,THUNDERCLAP,CINDER,HAVOC,HELLRAISER,RAGE,UPPERCUT,THUNDERCLAP,OFFERING,BASH
  [cell] SlitheringStranglerNormal        bucket=Monster wins=4/4 (100%) outcomes=W/W/W/W avg_reward=+67.8
  [cell-deck] SlitheringStranglerNormal Monster STRIKE_IRONCLAD,STRIKE_IRONCLAD,STRIKE_IRONCLAD,DEFEND_IRONCLAD,DEFEND_IRONCLAD,HOWL_FROM_BEYOND,THUNDERCLAP,TRUE_GRIT,CINDER,RAMPAGE,HEADBUTT,RAGE,RAGE,BLOOD_WALL,DISMANTLE,CRUELTY,BULLY,ARMAMENTS,DOMINATE,HAVOC,STRIKE_IRONCLAD,IRON_WAVE,INFERNAL_BLADE,HAVOC,DEMONIC_SHIELD
  [cell] SlumberingBeetleNormal           bucket=Monster wins=2/4 ( 50%) outcomes=L/W/L/W avg_reward=+66.8
  [cell-deck] SlumberingBeetleNormal Monster STRIKE_IRONCLAD,STRIKE_IRONCLAD,DEFEND_IRONCLAD,DEFEND_IRONCLAD,DEFEND_IRONCLAD,BASH,BRAND,UPPERCUT,SPITE,JUGGLING,INFERNAL_BLADE,TREMBLE,SPITE,BODY_SLAM,UPPERCUT,IMPERVIOUS,TREMBLE,POMMEL_STRIKE,BRAND,PRIMAL_FORCE,BULLY,BREAKTHROUGH,PILLAGE,BREAKTHROUGH,FIGHT_ME,STOMP
  [cell] FrogKnightNormal                 bucket=Monster wins=0/4 (  0%) outcomes=L/L/L/L avg_reward=+45.5
  [cell-deck] FrogKnightNormal Monster STRIKE_IRONCLAD,STRIKE_IRONCLAD,STRIKE_IRONCLAD,DEFEND_IRONCLAD,DEFEND_IRONCLAD,HOWL_FROM_BEYOND,PILLAGE,BREAKTHROUGH,SPITE,BLOODLETTING,BASH,PILLAGE,DEFEND_IRONCLAD,TEAR_ASUNDER,HEMOKINESIS,ARMAMENTS,BLUDGEON,DARK_EMBRACE,BASH,TWIN_STRIKE,HEMOKINESIS,SWORD_BOOMERANG,DEMON_FORM,BLUDGEON,NOT_YET,BODY_SLAM
  [cell] TheLostAndForgottenNormal        bucket=Monster wins=3/4 ( 75%) outcomes=W/W/L/W avg_reward=+119.5
  [cell-deck] TheLostAndForgottenNormal Monster STRIKE_IRONCLAD,STRIKE_IRONCLAD,STRIKE_IRONCLAD,STRIKE_IRONCLAD,DEFEND_IRONCLAD,BASH,DEFEND_IRONCLAD,UPPERCUT,INFLAME,STRIKE_IRONCLAD,ANGER,DRUM_OF_BATTLE,FIEND_FIRE,BLOOD_WALL,MOLTEN_FIST,CINDER,ASHEN_STRIKE,FORGOTTEN_RITUAL,BLOODLETTING,THUNDERCLAP,TRUE_GRIT,RUPTURE,DEMON_FORM,HOWL_FROM_BEYOND,BULLY,INFERNAL_BLADE,SETUP_STRIKE
  [cell] OwlMagistrateNormal              bucket=Monster wins=0/4 (  0%) outcomes=L/L/L/L avg_reward=+41.5
  [cell-deck] OwlMagistrateNormal Monster STRIKE_IRONCLAD,DEFEND_IRONCLAD,DEFEND_IRONCLAD,DEFEND_IRONCLAD,BASH,HEMOKINESIS,FIGHT_ME,HEADBUTT,DEFEND_IRONCLAD,JUGGLING,RUPTURE,OFFERING,THUNDERCLAP,PERFECTED_STRIKE,PILLAGE,STOMP,BATTLE_TRANCE,INFERNAL_BLADE,STONE_ARMOR,HEADBUTT,BLOODLETTING,BLOODLETTING,BLOOD_WALL,TAUNT,THRASH,TREMBLE
  [cell] FabricatorNormal                 bucket=Monster wins=4/4 (100%) outcomes=W/W/W/W avg_reward=+150.0
  [cell-deck] FabricatorNormal Monster STRIKE_IRONCLAD,STRIKE_IRONCLAD,STRIKE_IRONCLAD,DEFEND_IRONCLAD,DEFEND_IRONCLAD,BASH,FEEL_NO_PAIN,UPPERCUT,CRUELTY,BASH,JUGGERNAUT,STOKE,ANGER,BASH,BREAKTHROUGH,VICIOUS,BURNING_PACT,BODY_SLAM,BASH,BLOOD_WALL,PYRE,BULLY,UNRELENTING,STOMP,AGGRESSION
  [cell] SlimedBerserkerNormal            bucket=Monster wins=0/4 (  0%) outcomes=L/L/L/L avg_reward=+30.5
  [cell-deck] SlimedBerserkerNormal Monster STRIKE_IRONCLAD,STRIKE_IRONCLAD,DEFEND_IRONCLAD,DEFEND_IRONCLAD,BASH,HEMOKINESIS,BLUDGEON,SECOND_WIND,STRIKE_IRONCLAD,WHIRLWIND,DISMANTLE,JUGGLING,HOWL_FROM_BEYOND,EXPECT_A_FIGHT,STOMP,JUGGLING,ARMAMENTS,SETUP_STRIKE,IRON_WAVE,UNMOVABLE,STOMP,HAVOC,TREMBLE,MOLTEN_FIST,BLUDGEON,RAGE
  [cell] PhantasmalGardenersElite         bucket=Elite   wins=4/4 (100%) outcomes=W/W/W/W avg_reward=+72.3
  [cell-deck] PhantasmalGardenersElite Elite STRIKE_IRONCLAD,STRIKE_IRONCLAD,STRIKE_IRONCLAD,DEFEND_IRONCLAD,DEFEND_IRONCLAD,DEFEND_IRONCLAD,HOWL_FROM_BEYOND,UNRELENTING,ANGER,DRUM_OF_BATTLE,BASH,BURNING_PACT,PILLAGE,ARMAMENTS,STOKE,SHRUG_IT_OFF,FEEL_NO_PAIN,TRUE_GRIT,ANGER,DRUM_OF_BATTLE,FLAME_BARRIER,SETUP_STRIKE,PERFECTED_STRIKE,BATTLE_TRANCE,STRIKE_IRONCLAD,TRUE_GRIT
  [cell] SkulkingColonyElite              bucket=Elite   wins=4/4 (100%) outcomes=W/W/W/W avg_reward=+33.5
  [cell-deck] SkulkingColonyElite Elite STRIKE_IRONCLAD,STRIKE_IRONCLAD,DEFEND_IRONCLAD,DEFEND_IRONCLAD,BASH,HEMOKINESIS,TREMBLE,UPPERCUT,DRUM_OF_BATTLE,HAVOC,TWIN_STRIKE,INFERNO,BASH,BLOOD_WALL,TWIN_STRIKE,DEMONIC_SHIELD,VICIOUS,TWIN_STRIKE,CRUELTY,HEMOKINESIS,HEADBUTT,SHRUG_IT_OFF,SECOND_WIND,DEFEND_IRONCLAD
  [cell] ByrdonisElite                    bucket=Elite   wins=4/4 (100%) outcomes=W/W/W/W avg_reward=+32.5
  [cell-deck] ByrdonisElite Elite STRIKE_IRONCLAD,STRIKE_IRONCLAD,STRIKE_IRONCLAD,STRIKE_IRONCLAD,DEFEND_IRONCLAD,BASH,NOT_YET,UNRELENTING,STAMPEDE,ONE_TWO_PUNCH,ONE_TWO_PUNCH,POMMEL_STRIKE,CRIMSON_MANTLE,VICIOUS,FEEL_NO_PAIN,IMPERVIOUS,IRON_WAVE,RAMPAGE,UNMOVABLE,MANGLE,BLOODLETTING,CINDER,DEFEND_IRONCLAD,FIGHT_ME,PERFECTED_STRIKE,POMMEL_STRIKE
  [cell] PhrogParasiteElite               bucket=Elite   wins=4/4 (100%) outcomes=W/W/W/W avg_reward=+115.8
  [cell-deck] PhrogParasiteElite Elite STRIKE_IRONCLAD,STRIKE_IRONCLAD,STRIKE_IRONCLAD,DEFEND_IRONCLAD,DEFEND_IRONCLAD,HELLRAISER,POMMEL_STRIKE,CINDER,TEAR_ASUNDER,THUNDERCLAP,MOLTEN_FIST,HEMOKINESIS,RAGE,THRASH,BLOOD_WALL,BASH,TRUE_GRIT,BREAKTHROUGH,AGGRESSION,UPPERCUT,BLOOD_WALL,ARMAMENTS,INFLAME,WHIRLWIND
  [cell] BygoneEffigyElite                bucket=Elite   wins=3/4 ( 75%) outcomes=W/L/W/W avg_reward=+70.8
  [cell-deck] BygoneEffigyElite Elite STRIKE_IRONCLAD,STRIKE_IRONCLAD,DEFEND_IRONCLAD,DEFEND_IRONCLAD,DEFEND_IRONCLAD,DEFEND_IRONCLAD,RUPTURE,UNRELENTING,IRON_WAVE,TEAR_ASUNDER,BLOODLETTING,BATTLE_TRANCE,THUNDERCLAP,TWIN_STRIKE,UPPERCUT,CINDER,RAMPAGE,HEADBUTT,TREMBLE,STOMP,THRASH,SETUP_STRIKE,TWIN_STRIKE,RAMPAGE,FORGOTTEN_RITUAL,EVIL_EYE,TANK
  [cell] DecimillipedeElite               bucket=Elite   wins=0/4 (  0%) outcomes=L/L/L/L avg_reward=-13.5
  [cell-deck] DecimillipedeElite Elite STRIKE_IRONCLAD,STRIKE_IRONCLAD,DEFEND_IRONCLAD,DEFEND_IRONCLAD,DEFEND_IRONCLAD,HEADBUTT,FLAME_BARRIER,INFERNAL_BLADE,FIGHT_ME,DISMANTLE,BULLY,HAVOC,DEFEND_IRONCLAD,PERFECTED_STRIKE,CRUELTY,SWORD_BOOMERANG,THUNDERCLAP,FLAME_BARRIER,SHRUG_IT_OFF,IMPERVIOUS,STOKE,DRUM_OF_BATTLE,DISMANTLE,SECOND_WIND
  [cell] TerrorEelElite                   bucket=Elite   wins=3/4 ( 75%) outcomes=W/W/L/W avg_reward=+89.8
  [cell-deck] TerrorEelElite Elite STRIKE_IRONCLAD,STRIKE_IRONCLAD,STRIKE_IRONCLAD,STRIKE_IRONCLAD,STRIKE_IRONCLAD,DEFEND_IRONCLAD,STONE_ARMOR,UNMOVABLE,DEFEND_IRONCLAD,BLOODLETTING,POMMEL_STRIKE,IRON_WAVE,INFERNO,TREMBLE,MOLTEN_FIST,WHIRLWIND,TANK,BURNING_PACT,TAUNT,ANGER,PACTS_END,CINDER,PERFECTED_STRIKE,VICIOUS,CASCADE
  [cell] EntomancerElite                  bucket=Elite   wins=0/4 (  0%) outcomes=L/L/L/L avg_reward=+22.3
  [cell-deck] EntomancerElite Elite STRIKE_IRONCLAD,STRIKE_IRONCLAD,STRIKE_IRONCLAD,DEFEND_IRONCLAD,DEFEND_IRONCLAD,PERFECTED_STRIKE,ARMAMENTS,BODY_SLAM,POMMEL_STRIKE,RUPTURE,STRIKE_IRONCLAD,DRUM_OF_BATTLE,BASH,DISMANTLE,STOMP,BLOOD_WALL,HAVOC,STONE_ARMOR,CINDER,JUGGERNAUT,PRIMAL_FORCE,BREAKTHROUGH,IRON_WAVE,BODY_SLAM,STRIKE_IRONCLAD
  [cell] InfestedPrismsElite              bucket=Elite   wins=0/4 (  0%) outcomes=L/L/L/L avg_reward=+46.5
  [cell-deck] InfestedPrismsElite Elite STRIKE_IRONCLAD,STRIKE_IRONCLAD,STRIKE_IRONCLAD,DEFEND_IRONCLAD,DEFEND_IRONCLAD,BASH,TRUE_GRIT,BLOOD_WALL,TREMBLE,STOMP,TREMBLE,TRUE_GRIT,BLOODLETTING,STRIKE_IRONCLAD,FEEL_NO_PAIN,RUPTURE,EXPECT_A_FIGHT,IMPERVIOUS,FIGHT_ME,FORGOTTEN_RITUAL,BATTLE_TRANCE,DEMONIC_SHIELD,INFERNAL_BLADE,SWORD_BOOMERANG,HAVOC
  [cell] SoulNexusElite                   bucket=Elite   wins=0/4 (  0%) outcomes=L/L/L/L avg_reward=+2.5
  [cell-deck] SoulNexusElite Elite STRIKE_IRONCLAD,STRIKE_IRONCLAD,STRIKE_IRONCLAD,DEFEND_IRONCLAD,DEFEND_IRONCLAD,PERFECTED_STRIKE,STOMP,HAVOC,BODY_SLAM,BLOODLETTING,HEADBUTT,DEFEND_IRONCLAD,RAGE,BASH,TWIN_STRIKE,THRASH,FEED,ANGER,UNRELENTING,ASHEN_STRIKE,DOMINATE,HOWL_FROM_BEYOND,DRUM_OF_BATTLE,THUNDERCLAP,BATTLE_TRANCE
  [cell] KnightsElite                     bucket=Elite   wins=0/4 (  0%) outcomes=L/L/L/L avg_reward=+12.3
  [cell-deck] KnightsElite Elite STRIKE_IRONCLAD,STRIKE_IRONCLAD,STRIKE_IRONCLAD,DEFEND_IRONCLAD,DEFEND_IRONCLAD,BASH,ANGER,BLOOD_WALL,POMMEL_STRIKE,ASHEN_STRIKE,HAVOC,EXPECT_A_FIGHT,SPITE,STAMPEDE,UPPERCUT,HEADBUTT,INFLAME,COLOSSUS,DRUM_OF_BATTLE,PILLAGE,SWORD_BOOMERANG,STRIKE_IRONCLAD,BODY_SLAM,BLOODLETTING,CINDER,CINDER
  [cell] MechaKnightElite                 bucket=Elite   wins=0/4 (  0%) outcomes=L/L/L/L avg_reward=+35.8
  [cell-deck] MechaKnightElite Elite STRIKE_IRONCLAD,DEFEND_IRONCLAD,DEFEND_IRONCLAD,DEFEND_IRONCLAD,BASH,PERFECTED_STRIKE,IRON_WAVE,RAMPAGE,RUPTURE,MOLTEN_FIST,BASH,COLOSSUS,DEFEND_IRONCLAD,SWORD_BOOMERANG,BLOOD_WALL,PILLAGE,DISMANTLE,COLOSSUS,RUPTURE,MOLTEN_FIST,VICIOUS,STOKE,BLOODLETTING,ONE_TWO_PUNCH,FEED
  [cell] TestSubjectBoss                  bucket=Boss    wins=0/4 (  0%) outcomes=L/L/L/L avg_reward=-11.0
  [cell-deck] TestSubjectBoss Boss STRIKE_IRONCLAD,STRIKE_IRONCLAD,STRIKE_IRONCLAD,STRIKE_IRONCLAD,DEFEND_IRONCLAD,DEFEND_IRONCLAD,BLOODLETTING,BLOOD_WALL,FORGOTTEN_RITUAL,DISMANTLE,UNMOVABLE,STONE_ARMOR,FEEL_NO_PAIN,SETUP_STRIKE,MOLTEN_FIST,BULLY,RAMPAGE,ANGER,DEFEND_IRONCLAD,TEAR_ASUNDER,MANGLE,DISMANTLE,STRIKE_IRONCLAD,HAVOC,ARMAMENTS,TWIN_STRIKE,INFERNO
  [cell] VantomBoss                       bucket=Boss    wins=0/4 (  0%) outcomes=L/L/L/L avg_reward=-14.5
  [cell-deck] VantomBoss Boss STRIKE_IRONCLAD,STRIKE_IRONCLAD,STRIKE_IRONCLAD,DEFEND_IRONCLAD,DEFEND_IRONCLAD,PERFECTED_STRIKE,DEFEND_IRONCLAD,TWIN_STRIKE,CASCADE,ANGER,RUPTURE,BURNING_PACT,THUNDERCLAP,MOLTEN_FIST,CRIMSON_MANTLE,FIGHT_ME,CRIMSON_MANTLE,HOWL_FROM_BEYOND,HAVOC,BASH,POMMEL_STRIKE,BASH,TWIN_STRIKE,DEMONIC_SHIELD,POMMEL_STRIKE,HOWL_FROM_BEYOND
  [cell] SoulFyshBoss                     bucket=Boss    wins=1/4 ( 25%) outcomes=W/L/L/L avg_reward=+93.3
  [cell-deck] SoulFyshBoss Boss STRIKE_IRONCLAD,STRIKE_IRONCLAD,STRIKE_IRONCLAD,STRIKE_IRONCLAD,DEFEND_IRONCLAD,BASH,CINDER,BLOOD_WALL,BODY_SLAM,MOLTEN_FIST,HOWL_FROM_BEYOND,CINDER,AGGRESSION,RUPTURE,BREAKTHROUGH,TWIN_STRIKE,SWORD_BOOMERANG,STAMPEDE,CINDER,BATTLE_TRANCE,DEFEND_IRONCLAD,SWORD_BOOMERANG,HOWL_FROM_BEYOND,SETUP_STRIKE,TANK
  [cell] LagavulinMatriarchBoss           bucket=Boss    wins=1/4 ( 25%) outcomes=W/L/L/L avg_reward=+97.8
  [cell-deck] LagavulinMatriarchBoss Boss STRIKE_IRONCLAD,DEFEND_IRONCLAD,DEFEND_IRONCLAD,DEFEND_IRONCLAD,BASH,PACTS_END,ARMAMENTS,BURNING_PACT,SHRUG_IT_OFF,HEADBUTT,DISMANTLE,BRAND,HOWL_FROM_BEYOND,DOMINATE,HAVOC,BODY_SLAM,BULLY,RUPTURE,BODY_SLAM,NOT_YET,DEMONIC_SHIELD,FIEND_FIRE,SHRUG_IT_OFF,ANGER,TRUE_GRIT,CINDER
  [cell] WaterfallGiantBoss               bucket=Boss    wins=0/4 (  0%) outcomes=L/L/L/L avg_reward=+239.0
  [cell-deck] WaterfallGiantBoss Boss STRIKE_IRONCLAD,STRIKE_IRONCLAD,STRIKE_IRONCLAD,STRIKE_IRONCLAD,DEFEND_IRONCLAD,DEFEND_IRONCLAD,DOMINATE,BLOOD_WALL,TRUE_GRIT,SWORD_BOOMERANG,ANGER,RAGE,PILLAGE,POMMEL_STRIKE,STOKE,RUPTURE,WHIRLWIND,IRON_WAVE,BREAKTHROUGH,DISMANTLE,ARMAMENTS,DRUM_OF_BATTLE,BLUDGEON,ARMAMENTS,POMMEL_STRIKE
  [cell] TheKinBoss                       bucket=Boss    wins=0/4 (  0%) outcomes=L/L/L/L avg_reward=+100.3
  [cell-deck] TheKinBoss Boss STRIKE_IRONCLAD,STRIKE_IRONCLAD,DEFEND_IRONCLAD,DEFEND_IRONCLAD,BASH,ONE_TWO_PUNCH,STONE_ARMOR,HEMOKINESIS,DARK_EMBRACE,TREMBLE,TWIN_STRIKE,BLOODLETTING,BASH,BASH,MOLTEN_FIST,TREMBLE,BODY_SLAM,TRUE_GRIT,TREMBLE,BATTLE_TRANCE,UPPERCUT,RAMPAGE,JUGGLING,SHRUG_IT_OFF,BURNING_PACT,WHIRLWIND
  [cell] CeremonialBeastBoss              bucket=Boss    wins=0/4 (  0%) outcomes=L/L/L/L avg_reward=+126.5
  [cell-deck] CeremonialBeastBoss Boss STRIKE_IRONCLAD,STRIKE_IRONCLAD,STRIKE_IRONCLAD,STRIKE_IRONCLAD,DEFEND_IRONCLAD,DEFEND_IRONCLAD,HAVOC,BLOOD_WALL,PYRE,BLOOD_WALL,IRON_WAVE,BLOOD_WALL,CONFLAGRATION,PERFECTED_STRIKE,FEEL_NO_PAIN,HEADBUTT,BODY_SLAM,DEFEND_IRONCLAD,BLOODLETTING,IRON_WAVE,SPITE,TAUNT,STRIKE_IRONCLAD,DRUM_OF_BATTLE,HEADBUTT,BATTLE_TRANCE
  [cell] TheInsatiableBoss                bucket=Boss    wins=0/4 (  0%) outcomes=L/L/L/L avg_reward=+67.3
  [cell-deck] TheInsatiableBoss Boss STRIKE_IRONCLAD,STRIKE_IRONCLAD,STRIKE_IRONCLAD,DEFEND_IRONCLAD,BASH,ONE_TWO_PUNCH,JUGGERNAUT,SETUP_STRIKE,STONE_ARMOR,DOMINATE,MOLTEN_FIST,BATTLE_TRANCE,RAGE,SWORD_BOOMERANG,SHRUG_IT_OFF,PYRE,BLOOD_WALL,BODY_SLAM,PILLAGE,PACTS_END,PILLAGE,VICIOUS,EVIL_EYE,HEADBUTT,IMPERVIOUS,SPITE
  [cell] KnowledgeDemonBoss               bucket=Boss    wins=0/4 (  0%) outcomes=L/L/L/L avg_reward=+74.3
  [cell-deck] KnowledgeDemonBoss Boss STRIKE_IRONCLAD,STRIKE_IRONCLAD,STRIKE_IRONCLAD,DEFEND_IRONCLAD,DEFEND_IRONCLAD,DEFEND_IRONCLAD,IRON_WAVE,BATTLE_TRANCE,HAVOC,EXPECT_A_FIGHT,BARRICADE,JUGGLING,THUNDERCLAP,MOLTEN_FIST,UPPERCUT,BULLY,DISMANTLE,ASHEN_STRIKE,BASH,STAMPEDE,INFERNAL_BLADE,EXPECT_A_FIGHT,HEMOKINESIS,PILLAGE,CONFLAGRATION,STRIKE_IRONCLAD,PILLAGE
  [cell] KaiserCrabBoss                   bucket=Boss    wins=0/4 (  0%) outcomes=L/L/L/L avg_reward=+21.8
  [cell-deck] KaiserCrabBoss Boss STRIKE_IRONCLAD,STRIKE_IRONCLAD,DEFEND_IRONCLAD,DEFEND_IRONCLAD,DEFEND_IRONCLAD,OFFERING,DEMON_FORM,WHIRLWIND,DOMINATE,STAMPEDE,BREAKTHROUGH,ASHEN_STRIKE,DEFEND_IRONCLAD,MOLTEN_FIST,TREMBLE,HAVOC,ARMAMENTS,FEEL_NO_PAIN,FEED,BLOOD_WALL,DEMON_FORM,DEFEND_IRONCLAD,BODY_SLAM,BODY_SLAM
  [cell] DoormakerBoss                    bucket=Boss    wins=0/4 (  0%) outcomes=L/L/L/L avg_reward=-27.5
  [cell-deck] DoormakerBoss Boss STRIKE_IRONCLAD,STRIKE_IRONCLAD,DEFEND_IRONCLAD,DEFEND_IRONCLAD,BASH,BATTLE_TRANCE,BRAND,PERFECTED_STRIKE,NOT_YET,VICIOUS,INFERNO,IRON_WAVE,MOLTEN_FIST,UNMOVABLE,HOWL_FROM_BEYOND,STRIKE_IRONCLAD,ANGER,WHIRLWIND,CINDER,THRASH,BLOODLETTING,TWIN_STRIKE,BARRICADE,INFLAME,TREMBLE
  [cell] QueenBoss                        bucket=Boss    wins=0/4 (  0%) outcomes=L/L/L/L avg_reward=-22.0
  [cell-deck] QueenBoss Boss STRIKE_IRONCLAD,STRIKE_IRONCLAD,DEFEND_IRONCLAD,DEFEND_IRONCLAD,DEFEND_IRONCLAD,BASH,IRON_WAVE,POMMEL_STRIKE,ANGER,ASHEN_STRIKE,HAVOC,BREAKTHROUGH,STRIKE_IRONCLAD,POMMEL_STRIKE,DEFEND_IRONCLAD,DISMANTLE,INFERNO,ARMAMENTS,TAUNT,WHIRLWIND,EVIL_EYE,HEMOKINESIS,FEED,STAMPEDE,BLOOD_WALL
  [cell] InkletsNormal                    bucket=Monster wins=4/4 (100%) outcomes=W/W/W/W avg_reward=+14.0
  [cell-deck] InkletsNormal Monster STRIKE_IRONCLAD,STRIKE_IRONCLAD,STRIKE_IRONCLAD,DEFEND_IRONCLAD,DEFEND_IRONCLAD,BLUDGEON,THUNDERCLAP,RAMPAGE,RUPTURE,FORGOTTEN_RITUAL,BLOODLETTING,BLOODLETTING,MOLTEN_FIST,RAMPAGE,BATTLE_TRANCE,FORGOTTEN_RITUAL,SWORD_BOOMERANG,PERFECTED_STRIKE,CASCADE,CINDER,BULLY,HAVOC,WHIRLWIND,STRIKE_IRONCLAD
  [cell] TwoTailedRatsNormal              bucket=Monster wins=4/4 (100%) outcomes=W/W/W/W avg_reward=+42.8
  [cell-deck] TwoTailedRatsNormal Monster STRIKE_IRONCLAD,STRIKE_IRONCLAD,STRIKE_IRONCLAD,DEFEND_IRONCLAD,DEFEND_IRONCLAD,DEFEND_IRONCLAD,PILLAGE,POMMEL_STRIKE,SPITE,DISMANTLE,UNMOVABLE,PILLAGE,HEADBUTT,PERFECTED_STRIKE,THUNDERCLAP,BASH,PYRE,STOMP,STONE_ARMOR,CASCADE,BATTLE_TRANCE,VICIOUS,ARMAMENTS,BASH,TREMBLE,BRAND
  [cell] ToadpolesWeak                    bucket=Monster wins=4/4 (100%) outcomes=W/W/W/W avg_reward=+40.5
  [cell-deck] ToadpolesWeak Monster STRIKE_IRONCLAD,STRIKE_IRONCLAD,STRIKE_IRONCLAD,DEFEND_IRONCLAD,BASH,BLUDGEON,PILLAGE,TWIN_STRIKE,CASCADE,TANK,SPITE,BLOOD_WALL,BREAKTHROUGH,HEADBUTT,COLOSSUS,BODY_SLAM,STAMPEDE,SWORD_BOOMERANG,TWIN_STRIKE,SHRUG_IT_OFF,TEAR_ASUNDER,SETUP_STRIKE,STRIKE_IRONCLAD,IRON_WAVE
  [cell] CorpseSlugsNormal                bucket=Monster wins=4/4 (100%) outcomes=W/W/W/W avg_reward=+61.5
  [cell-deck] CorpseSlugsNormal Monster STRIKE_IRONCLAD,STRIKE_IRONCLAD,STRIKE_IRONCLAD,DEFEND_IRONCLAD,DEFEND_IRONCLAD,BASH,SHRUG_IT_OFF,PILLAGE,INFLAME,MOLTEN_FIST,HOWL_FROM_BEYOND,BASH,BASH,MOLTEN_FIST,HOWL_FROM_BEYOND,STRIKE_IRONCLAD,SWORD_BOOMERANG,JUGGLING,SHRUG_IT_OFF,HEADBUTT,STRIKE_IRONCLAD,INFERNAL_BLADE,RUPTURE,FEED,SECOND_WIND,THUNDERCLAP
  [cell] CorpseSlugsWeak                  bucket=Monster wins=4/4 (100%) outcomes=W/W/W/W avg_reward=+47.5
  [cell-deck] CorpseSlugsWeak Monster STRIKE_IRONCLAD,STRIKE_IRONCLAD,STRIKE_IRONCLAD,STRIKE_IRONCLAD,DEFEND_IRONCLAD,BLOODLETTING,FIGHT_ME,BURNING_PACT,SHRUG_IT_OFF,DEFEND_IRONCLAD,FEEL_NO_PAIN,ASHEN_STRIKE,STOKE,BREAKTHROUGH,FLAME_BARRIER,TRUE_GRIT,SETUP_STRIKE,ASHEN_STRIKE,RAMPAGE,COLOSSUS,INFLAME,ANGER,PERFECTED_STRIKE,COLOSSUS
  [cell] ExoskeletonsNormal               bucket=Monster wins=3/4 ( 75%) outcomes=W/L/W/W avg_reward=+6.5
  [cell-deck] ExoskeletonsNormal Monster STRIKE_IRONCLAD,STRIKE_IRONCLAD,DEFEND_IRONCLAD,DEFEND_IRONCLAD,DEFEND_IRONCLAD,BASH,SWORD_BOOMERANG,PILLAGE,CRUELTY,TANK,ANGER,INFERNO,RUPTURE,IRON_WAVE,BASH,MOLTEN_FIST,VICIOUS,DEMONIC_SHIELD,RUPTURE,RAGE,JUGGLING,AGGRESSION,EVIL_EYE,RAGE,INFERNO,ONE_TWO_PUNCH,FLAME_BARRIER
  [cell] ExoskeletonsWeak                 bucket=Monster wins=4/4 (100%) outcomes=W/W/W/W avg_reward=+60.3
  [cell-deck] ExoskeletonsWeak Monster STRIKE_IRONCLAD,STRIKE_IRONCLAD,STRIKE_IRONCLAD,DEFEND_IRONCLAD,DEFEND_IRONCLAD,BLOODLETTING,BLUDGEON,HOWL_FROM_BEYOND,DARK_EMBRACE,SETUP_STRIKE,AGGRESSION,ANGER,FEEL_NO_PAIN,TWIN_STRIKE,MOLTEN_FIST,RAMPAGE,PYRE,DEFEND_IRONCLAD,HAVOC,SPITE,BREAKTHROUGH,DISMANTLE,FORGOTTEN_RITUAL,UNMOVABLE,JUGGERNAUT
  [cell] ScrollsOfBitingNormal            bucket=Monster wins=1/4 ( 25%) outcomes=L/W/L/L avg_reward=+31.8
  [cell-deck] ScrollsOfBitingNormal Monster STRIKE_IRONCLAD,STRIKE_IRONCLAD,STRIKE_IRONCLAD,DEFEND_IRONCLAD,DEFEND_IRONCLAD,PILLAGE,ANGER,BLOOD_WALL,IRON_WAVE,TWIN_STRIKE,DISMANTLE,INFERNAL_BLADE,RAGE,DISMANTLE,BLUDGEON,BASH,POMMEL_STRIKE,TREMBLE,DEFEND_IRONCLAD,INFERNO,ANGER,UPPERCUT,DISMANTLE,DISMANTLE,RAMPAGE,BODY_SLAM
  [cell] ScrollsOfBitingWeak              bucket=Monster wins=2/4 ( 50%) outcomes=W/L/L/W avg_reward=+16.5
  [cell-deck] ScrollsOfBitingWeak Monster STRIKE_IRONCLAD,STRIKE_IRONCLAD,DEFEND_IRONCLAD,DEFEND_IRONCLAD,DEFEND_IRONCLAD,BASH,INFERNAL_BLADE,BLOODLETTING,TREMBLE,SHRUG_IT_OFF,STONE_ARMOR,BODY_SLAM,PILLAGE,UPPERCUT,UPPERCUT,RUPTURE,SETUP_STRIKE,HEADBUTT,PERFECTED_STRIKE,INFERNO,BODY_SLAM,CRUELTY,TANK,PERFECTED_STRIKE,BURNING_PACT
  [cell] SludgeSpinnerWeak                bucket=Monster wins=4/4 (100%) outcomes=W/W/W/W avg_reward=+29.8
  [cell-deck] SludgeSpinnerWeak Monster STRIKE_IRONCLAD,STRIKE_IRONCLAD,DEFEND_IRONCLAD,DEFEND_IRONCLAD,BASH,PERFECTED_STRIKE,STAMPEDE,FEEL_NO_PAIN,BARRICADE,FIEND_FIRE,TWIN_STRIKE,HEADBUTT,DEFEND_IRONCLAD,BASH,DEMONIC_SHIELD,SWORD_BOOMERANG,MOLTEN_FIST,BLOODLETTING,ANGER,ANGER,RAGE,DARK_EMBRACE,BLOODLETTING,ARMAMENTS
  [cell] ShrinkerBeetleWeak               bucket=Monster wins=4/4 (100%) outcomes=W/W/W/W avg_reward=+39.0
  [cell-deck] ShrinkerBeetleWeak Monster STRIKE_IRONCLAD,STRIKE_IRONCLAD,DEFEND_IRONCLAD,DEFEND_IRONCLAD,DEFEND_IRONCLAD,BASH,ONE_TWO_PUNCH,BLOODLETTING,POMMEL_STRIKE,AGGRESSION,DOMINATE,PACTS_END,CONFLAGRATION,TWIN_STRIKE,MOLTEN_FIST,HEADBUTT,THUNDERCLAP,BURNING_PACT,JUGGLING,SHRUG_IT_OFF,THUNDERCLAP,STOKE,INFERNO,TRUE_GRIT,ANGER,FIEND_FIRE
  [cell] AxebotsNormal                    bucket=Monster wins=0/4 (  0%) outcomes=L/L/L/L avg_reward=+26.8
  [cell-deck] AxebotsNormal Monster STRIKE_IRONCLAD,STRIKE_IRONCLAD,STRIKE_IRONCLAD,DEFEND_IRONCLAD,BASH,PERFECTED_STRIKE,IRON_WAVE,PILLAGE,NOT_YET,STRIKE_IRONCLAD,MOLTEN_FIST,FORGOTTEN_RITUAL,THUNDERCLAP,STRIKE_IRONCLAD,HELLRAISER,NOT_YET,IRON_WAVE,EVIL_EYE,SPITE,IRON_WAVE,DRUM_OF_BATTLE,MOLTEN_FIST,TRUE_GRIT,SHRUG_IT_OFF
  [cell] NibbitsNormal                    bucket=Monster wins=4/4 (100%) outcomes=W/W/W/W avg_reward=+75.5
  [cell-deck] NibbitsNormal Monster STRIKE_IRONCLAD,STRIKE_IRONCLAD,DEFEND_IRONCLAD,DEFEND_IRONCLAD,DEFEND_IRONCLAD,BASH,SECOND_WIND,BLOODLETTING,FLAME_BARRIER,CRIMSON_MANTLE,TAUNT,ARMAMENTS,THUNDERCLAP,TREMBLE,BREAKTHROUGH,BREAKTHROUGH,ARMAMENTS,UNRELENTING,INFERNO,UNRELENTING,PERFECTED_STRIKE,DEFEND_IRONCLAD,BRAND,CINDER,SWORD_BOOMERANG,BLOOD_WALL,FIGHT_ME
  [cell] NibbitsWeak                      bucket=Monster wins=4/4 (100%) outcomes=W/W/W/W avg_reward=+42.3
  [cell-deck] NibbitsWeak Monster STRIKE_IRONCLAD,STRIKE_IRONCLAD,STRIKE_IRONCLAD,DEFEND_IRONCLAD,DEFEND_IRONCLAD,PERFECTED_STRIKE,DEFEND_IRONCLAD,TREMBLE,BLOOD_WALL,CRIMSON_MANTLE,BREAKTHROUGH,FEEL_NO_PAIN,HOWL_FROM_BEYOND,MOLTEN_FIST,PERFECTED_STRIKE,EVIL_EYE,HOWL_FROM_BEYOND,MOLTEN_FIST,INFERNAL_BLADE,ARMAMENTS,WHIRLWIND,THUNDERCLAP,SETUP_STRIKE,HEADBUTT
  [cell] SeapunkWeak                      bucket=Monster wins=4/4 (100%) outcomes=W/W/W/W avg_reward=+38.8
  [cell-deck] SeapunkWeak Monster STRIKE_IRONCLAD,STRIKE_IRONCLAD,STRIKE_IRONCLAD,DEFEND_IRONCLAD,DEFEND_IRONCLAD,DEFEND_IRONCLAD,STRIKE_IRONCLAD,BLOODLETTING,BODY_SLAM,IRON_WAVE,FEEL_NO_PAIN,HOWL_FROM_BEYOND,INFERNO,TAUNT,STOKE,TWIN_STRIKE,BULLY,SETUP_STRIKE,HEADBUTT,BREAKTHROUGH,EXPECT_A_FIGHT,STONE_ARMOR,SWORD_BOOMERANG,IRON_WAVE,PILLAGE
  [cell] FossilStalkerNormal              bucket=Monster wins=4/4 (100%) outcomes=W/W/W/W avg_reward=+18.8
  [cell-deck] FossilStalkerNormal Monster STRIKE_IRONCLAD,STRIKE_IRONCLAD,DEFEND_IRONCLAD,DEFEND_IRONCLAD,DEFEND_IRONCLAD,BASH,ANGER,MANGLE,BASH,EXPECT_A_FIGHT,BASH,SETUP_STRIKE,STRIKE_IRONCLAD,RAMPAGE,RAGE,DRUM_OF_BATTLE,DOMINATE,CRUELTY,JUGGLING,FORGOTTEN_RITUAL,UPPERCUT,RUPTURE,CONFLAGRATION,WHIRLWIND,FIGHT_ME
  [cell] PunchConstructNormal             bucket=Monster wins=4/4 (100%) outcomes=W/W/W/W avg_reward=+42.3
  [cell-deck] PunchConstructNormal Monster STRIKE_IRONCLAD,STRIKE_IRONCLAD,STRIKE_IRONCLAD,DEFEND_IRONCLAD,DEFEND_IRONCLAD,BARRICADE,TWIN_STRIKE,VICIOUS,DOMINATE,TWIN_STRIKE,BLOODLETTING,BODY_SLAM,UPPERCUT,SETUP_STRIKE,TREMBLE,POMMEL_STRIKE,IRON_WAVE,ANGER,SWORD_BOOMERANG,HEADBUTT,BATTLE_TRANCE,POMMEL_STRIKE,DEFEND_IRONCLAD,TWIN_STRIKE,HAVOC
  [cell] SewerClamNormal                  bucket=Monster wins=4/4 (100%) outcomes=W/W/W/W avg_reward=+42.3
  [cell-deck] SewerClamNormal Monster STRIKE_IRONCLAD,STRIKE_IRONCLAD,STRIKE_IRONCLAD,DEFEND_IRONCLAD,DEFEND_IRONCLAD,BASH,BLOODLETTING,MANGLE,SWORD_BOOMERANG,PERFECTED_STRIKE,OFFERING,BODY_SLAM,HEADBUTT,POMMEL_STRIKE,DEFEND_IRONCLAD,BATTLE_TRANCE,IMPERVIOUS,ARMAMENTS,INFERNO,PILLAGE,SECOND_WIND,BURNING_PACT,TRUE_GRIT,DEMON_FORM,BULLY,DEMON_FORM
  [cell] FuzzyWurmCrawlerWeak             bucket=Monster wins=4/4 (100%) outcomes=W/W/W/W avg_reward=+44.5
  [cell-deck] FuzzyWurmCrawlerWeak Monster STRIKE_IRONCLAD,STRIKE_IRONCLAD,STRIKE_IRONCLAD,DEFEND_IRONCLAD,BASH,ASHEN_STRIKE,RUPTURE,COLOSSUS,TAUNT,FEEL_NO_PAIN,SPITE,BLOODLETTING,MOLTEN_FIST,HELLRAISER,BASH,FORGOTTEN_RITUAL,HEMOKINESIS,COLOSSUS,MOLTEN_FIST,UNRELENTING,SHRUG_IT_OFF,TWIN_STRIKE,BLOOD_WALL,POMMEL_STRIKE,SETUP_STRIKE,INFERNO
  [cell] VineShamblerNormal               bucket=Monster wins=4/4 (100%) outcomes=W/W/W/W avg_reward=+51.3
  [cell-deck] VineShamblerNormal Monster STRIKE_IRONCLAD,STRIKE_IRONCLAD,DEFEND_IRONCLAD,DEFEND_IRONCLAD,DEFEND_IRONCLAD,BASH,CINDER,JUGGLING,MOLTEN_FIST,THUNDERCLAP,BLOODLETTING,OFFERING,BASH,PACTS_END,THUNDERCLAP,SWORD_BOOMERANG,POMMEL_STRIKE,STOMP,HEADBUTT,TEAR_ASUNDER,HEADBUTT,SETUP_STRIKE,MOLTEN_FIST,ONE_TWO_PUNCH,AGGRESSION,ANGER,TAUNT
  [cell] HauntedShipNormal                bucket=Monster wins=4/4 (100%) outcomes=W/W/W/W avg_reward=+51.0
  [cell-deck] HauntedShipNormal Monster STRIKE_IRONCLAD,STRIKE_IRONCLAD,DEFEND_IRONCLAD,DEFEND_IRONCLAD,DEFEND_IRONCLAD,BASH,STOMP,ASHEN_STRIKE,HEADBUTT,INFLAME,FIEND_FIRE,STRIKE_IRONCLAD,FIEND_FIRE,BASH,BREAKTHROUGH,BURNING_PACT,CINDER,BODY_SLAM,HAVOC,HEMOKINESIS,DEMONIC_SHIELD,HEMOKINESIS,FORGOTTEN_RITUAL,COLOSSUS,TREMBLE,FEEL_NO_PAIN,WHIRLWIND
  [cell] ChompersNormal                   bucket=Monster wins=4/4 (100%) outcomes=W/W/W/W avg_reward=+59.3
  [cell-deck] ChompersNormal Monster STRIKE_IRONCLAD,STRIKE_IRONCLAD,STRIKE_IRONCLAD,STRIKE_IRONCLAD,DEFEND_IRONCLAD,JUGGLING,DOMINATE,BLUDGEON,POMMEL_STRIKE,ARMAMENTS,RUPTURE,MANGLE,HOWL_FROM_BEYOND,NOT_YET,STRIKE_IRONCLAD,JUGGLING,FIGHT_ME,BASH,BREAKTHROUGH,CINDER,CINDER,TREMBLE,STRIKE_IRONCLAD,SETUP_STRIKE
  [cell] CubexConstructNormal             bucket=Monster wins=4/4 (100%) outcomes=W/W/W/W avg_reward=+40.0
  [cell-deck] CubexConstructNormal Monster STRIKE_IRONCLAD,STRIKE_IRONCLAD,STRIKE_IRONCLAD,DEFEND_IRONCLAD,DEFEND_IRONCLAD,DEFEND_IRONCLAD,THUNDERCLAP,ASHEN_STRIKE,BULLY,STOKE,TREMBLE,COLOSSUS,ANGER,ARMAMENTS,STOKE,UNRELENTING,FIGHT_ME,TRUE_GRIT,FEED,RUPTURE,ARMAMENTS,VICIOUS,BASH,JUGGLING,SECOND_WIND
  [cell] MytesNormal                      bucket=Monster wins=4/4 (100%) outcomes=W/W/W/W avg_reward=+95.8
  [cell-deck] MytesNormal Monster STRIKE_IRONCLAD,STRIKE_IRONCLAD,DEFEND_IRONCLAD,DEFEND_IRONCLAD,BASH,JUGGLING,BASH,FORGOTTEN_RITUAL,BRAND,HEMOKINESIS,DISMANTLE,IRON_WAVE,BASH,DRUM_OF_BATTLE,UNRELENTING,DEMONIC_SHIELD,DRUM_OF_BATTLE,DEMONIC_SHIELD,TREMBLE,SHRUG_IT_OFF,TREMBLE,BULLY,PERFECTED_STRIKE,HEADBUTT,FORGOTTEN_RITUAL
  [cell] MawlerNormal                     bucket=Monster wins=4/4 (100%) outcomes=W/W/W/W avg_reward=+47.5
  [cell-deck] MawlerNormal Monster STRIKE_IRONCLAD,STRIKE_IRONCLAD,STRIKE_IRONCLAD,DEFEND_IRONCLAD,DEFEND_IRONCLAD,BASH,VICIOUS,ARMAMENTS,UNMOVABLE,ARMAMENTS,HAVOC,RAMPAGE,PILLAGE,AGGRESSION,FEEL_NO_PAIN,SETUP_STRIKE,JUGGERNAUT,RAMPAGE,DISMANTLE,TRUE_GRIT,STOKE,IMPERVIOUS,SHRUG_IT_OFF,TAUNT,INFERNO,STONE_ARMOR
  [cell] ThievingHopperWeak               bucket=Monster wins=4/4 (100%) outcomes=W/W/W/W avg_reward=+38.3
  [cell-deck] ThievingHopperWeak Monster STRIKE_IRONCLAD,STRIKE_IRONCLAD,DEFEND_IRONCLAD,DEFEND_IRONCLAD,DEFEND_IRONCLAD,JUGGERNAUT,SWORD_BOOMERANG,RAGE,RUPTURE,TREMBLE,TWIN_STRIKE,HOWL_FROM_BEYOND,RAGE,BATTLE_TRANCE,BLOODLETTING,BASH,DEFEND_IRONCLAD,IRON_WAVE,POMMEL_STRIKE,COLOSSUS,MOLTEN_FIST,INFERNO,FORGOTTEN_RITUAL,BODY_SLAM,RUPTURE
  [cell] FogmogNormal                     bucket=Monster wins=4/4 (100%) outcomes=W/W/W/W avg_reward=+69.5
  [cell-deck] FogmogNormal Monster STRIKE_IRONCLAD,STRIKE_IRONCLAD,STRIKE_IRONCLAD,DEFEND_IRONCLAD,DEFEND_IRONCLAD,DEFEND_IRONCLAD,BATTLE_TRANCE,ARMAMENTS,SECOND_WIND,DEMONIC_SHIELD,UNRELENTING,BLOODLETTING,CONFLAGRATION,UNRELENTING,UPPERCUT,HEMOKINESIS,SECOND_WIND,HEADBUTT,CONFLAGRATION,BODY_SLAM,INFLAME,WHIRLWIND,FIGHT_ME,BODY_SLAM,DISMANTLE,INFLAME
  [cell] GremlinMercNormal                bucket=Monster wins=4/4 (100%) outcomes=W/W/W/W avg_reward=+54.3
  [cell-deck] GremlinMercNormal Monster STRIKE_IRONCLAD,STRIKE_IRONCLAD,STRIKE_IRONCLAD,STRIKE_IRONCLAD,DEFEND_IRONCLAD,IRON_WAVE,NOT_YET,TRUE_GRIT,CINDER,EVIL_EYE,MOLTEN_FIST,HEADBUTT,DEFEND_IRONCLAD,SWORD_BOOMERANG,DEFEND_IRONCLAD,SWORD_BOOMERANG,CINDER,SPITE,FEEL_NO_PAIN,SHRUG_IT_OFF,CINDER,STRIKE_IRONCLAD,CASCADE,THRASH,UPPERCUT
  [cell] SnappingJaxfruitNormal           bucket=Monster wins=4/4 (100%) outcomes=W/W/W/W avg_reward=+62.0
  [cell-deck] SnappingJaxfruitNormal Monster STRIKE_IRONCLAD,STRIKE_IRONCLAD,STRIKE_IRONCLAD,DEFEND_IRONCLAD,DEFEND_IRONCLAD,BASH,BULLY,ARMAMENTS,HELLRAISER,MANGLE,IMPERVIOUS,MOLTEN_FIST,THUNDERCLAP,TRUE_GRIT,MOLTEN_FIST,CASCADE,THRASH,BURNING_PACT,BULLY,FEEL_NO_PAIN,COLOSSUS,INFERNO,ASHEN_STRIKE,HEADBUTT,BLOODLETTING,CINDER,BLOODLETTING
  [cell] LivingFogNormal                  bucket=Monster wins=4/4 (100%) outcomes=W/W/W/W avg_reward=+87.3
  [cell-deck] LivingFogNormal Monster STRIKE_IRONCLAD,DEFEND_IRONCLAD,DEFEND_IRONCLAD,DEFEND_IRONCLAD,DEFEND_IRONCLAD,IRON_WAVE,DRUM_OF_BATTLE,BREAKTHROUGH,SHRUG_IT_OFF,STOMP,BREAKTHROUGH,FLAME_BARRIER,THUNDERCLAP,OFFERING,HEADBUTT,NOT_YET,BREAKTHROUGH,VICIOUS,BLOOD_WALL,CRIMSON_MANTLE,THUNDERCLAP,BLOOD_WALL,ANGER,MOLTEN_FIST,CONFLAGRATION,RUPTURE
  [cell] SeapunkNormal                    bucket=Monster wins=4/4 (100%) outcomes=W/W/W/W avg_reward=+60.8
  [cell-deck] SeapunkNormal Monster STRIKE_IRONCLAD,STRIKE_IRONCLAD,STRIKE_IRONCLAD,STRIKE_IRONCLAD,DEFEND_IRONCLAD,DEFEND_IRONCLAD,DEMONIC_SHIELD,ARMAMENTS,BURNING_PACT,SWORD_BOOMERANG,ANGER,AGGRESSION,INFERNO,THUNDERCLAP,BREAKTHROUGH,UNRELENTING,ANGER,UNRELENTING,BODY_SLAM,ONE_TWO_PUNCH,VICIOUS,ANGER,SETUP_STRIKE,SPITE,TRUE_GRIT
  [cell] TunnelerWeak                     bucket=Monster wins=4/4 (100%) outcomes=W/W/W/W avg_reward=+58.0
  [cell-deck] TunnelerWeak Monster STRIKE_IRONCLAD,STRIKE_IRONCLAD,STRIKE_IRONCLAD,STRIKE_IRONCLAD,DEFEND_IRONCLAD,BASH,BREAKTHROUGH,NOT_YET,ASHEN_STRIKE,CONFLAGRATION,TAUNT,BURNING_PACT,STRIKE_IRONCLAD,ANGER,THUNDERCLAP,DOMINATE,ASHEN_STRIKE,BREAKTHROUGH,VICIOUS,PACTS_END,BLOOD_WALL,PERFECTED_STRIKE,UNMOVABLE,NOT_YET,UNRELENTING
  [cell] SlimesNormal                     bucket=Monster wins=4/4 (100%) outcomes=W/W/W/W avg_reward=+70.0
  [cell-deck] SlimesNormal Monster STRIKE_IRONCLAD,DEFEND_IRONCLAD,DEFEND_IRONCLAD,DEFEND_IRONCLAD,BASH,BATTLE_TRANCE,TRUE_GRIT,THUNDERCLAP,BLOOD_WALL,HAVOC,BLOODLETTING,IMPERVIOUS,BREAKTHROUGH,SECOND_WIND,PILLAGE,MOLTEN_FIST,UNRELENTING,BURNING_PACT,UNRELENTING,FEEL_NO_PAIN,STOMP,CINDER,TEAR_ASUNDER,CINDER,BREAKTHROUGH,PRIMAL_FORCE
  [cell] SlimesWeak                       bucket=Monster wins=4/4 (100%) outcomes=W/W/W/W avg_reward=+46.3
  [cell-deck] SlimesWeak Monster STRIKE_IRONCLAD,STRIKE_IRONCLAD,STRIKE_IRONCLAD,DEFEND_IRONCLAD,DEFEND_IRONCLAD,BASH,DEFEND_IRONCLAD,NOT_YET,STRIKE_IRONCLAD,INFLAME,FEEL_NO_PAIN,POMMEL_STRIKE,HEADBUTT,UNRELENTING,HOWL_FROM_BEYOND,BASH,BURNING_PACT,TWIN_STRIKE,TWIN_STRIKE,SWORD_BOOMERANG,SWORD_BOOMERANG,BLOODLETTING,PERFECTED_STRIKE,THUNDERCLAP,STAMPEDE,OFFERING
  [cell] CultistsNormal                   bucket=Monster wins=4/4 (100%) outcomes=W/W/W/W avg_reward=+81.5
  [cell-deck] CultistsNormal Monster STRIKE_IRONCLAD,STRIKE_IRONCLAD,STRIKE_IRONCLAD,DEFEND_IRONCLAD,DEFEND_IRONCLAD,BASH,RAGE,BODY_SLAM,POMMEL_STRIKE,THRASH,SPITE,HEADBUTT,STOKE,HEADBUTT,STONE_ARMOR,DOMINATE,TREMBLE,HEADBUTT,SECOND_WIND,THUNDERCLAP,HEADBUTT,IRON_WAVE,PYRE,TWIN_STRIKE,HEMOKINESIS,HAVOC
  [cell] TurretOperatorWeak               bucket=Monster wins=4/4 (100%) outcomes=W/W/W/W avg_reward=+25.0
  [cell-deck] TurretOperatorWeak Monster STRIKE_IRONCLAD,STRIKE_IRONCLAD,STRIKE_IRONCLAD,STRIKE_IRONCLAD,DEFEND_IRONCLAD,BASH,FLAME_BARRIER,MOLTEN_FIST,JUGGLING,STOMP,TREMBLE,BASH,BASH,TRUE_GRIT,BASH,SWORD_BOOMERANG,FEEL_NO_PAIN,SECOND_WIND,THUNDERCLAP,ASHEN_STRIKE,MOLTEN_FIST,POMMEL_STRIKE,DEFEND_IRONCLAD,BREAKTHROUGH,MOLTEN_FIST,DEMONIC_SHIELD,PERFECTED_STRIKE
  [cell] OvergrowthCrawlers               bucket=Monster wins=4/4 (100%) outcomes=W/W/W/W avg_reward=+65.3
  [cell-deck] OvergrowthCrawlers Monster STRIKE_IRONCLAD,STRIKE_IRONCLAD,STRIKE_IRONCLAD,DEFEND_IRONCLAD,BASH,BASH,HAVOC,FORGOTTEN_RITUAL,BODY_SLAM,DEMONIC_SHIELD,FIEND_FIRE,FORGOTTEN_RITUAL,FEEL_NO_PAIN,BURNING_PACT,UNMOVABLE,BATTLE_TRANCE,TAUNT,PYRE,HAVOC,FLAME_BARRIER,BLOOD_WALL,SWORD_BOOMERANG,HEMOKINESIS,PRIMAL_FORCE,SHRUG_IT_OFF,BREAKTHROUGH
  [cell] BowlbugsNormal                   bucket=Monster wins=3/4 ( 75%) outcomes=L/W/W/W avg_reward=+32.8
  [cell-deck] BowlbugsNormal Monster STRIKE_IRONCLAD,STRIKE_IRONCLAD,STRIKE_IRONCLAD,DEFEND_IRONCLAD,DEFEND_IRONCLAD,DEFEND_IRONCLAD,INFERNO,MOLTEN_FIST,DEMONIC_SHIELD,ARMAMENTS,HAVOC,IRON_WAVE,RUPTURE,THUNDERCLAP,RAGE,MOLTEN_FIST,IRON_WAVE,HEMOKINESIS,SWORD_BOOMERANG,DEFEND_IRONCLAD,DEMONIC_SHIELD,BODY_SLAM,TWIN_STRIKE,INFERNAL_BLADE,FEEL_NO_PAIN,ANGER,TREMBLE
  [cell] BowlbugsWeak                     bucket=Monster wins=4/4 (100%) outcomes=W/W/W/W avg_reward=+42.0
  [cell-deck] BowlbugsWeak Monster STRIKE_IRONCLAD,STRIKE_IRONCLAD,DEFEND_IRONCLAD,DEFEND_IRONCLAD,BASH,BASH,BREAKTHROUGH,RAGE,RUPTURE,SHRUG_IT_OFF,AGGRESSION,FEED,UPPERCUT,UNMOVABLE,BLOOD_WALL,TAUNT,STONE_ARMOR,TREMBLE,BRAND,TREMBLE,STOKE,BLUDGEON,DEFEND_IRONCLAD,FEEL_NO_PAIN
  [cell] FlyconidNormal                   bucket=Monster wins=4/4 (100%) outcomes=W/W/W/W avg_reward=+27.8
  [cell-deck] FlyconidNormal Monster STRIKE_IRONCLAD,STRIKE_IRONCLAD,STRIKE_IRONCLAD,DEFEND_IRONCLAD,DEFEND_IRONCLAD,BASH,PERFECTED_STRIKE,MOLTEN_FIST,BARRICADE,DEMONIC_SHIELD,UNMOVABLE,UNRELENTING,DISMANTLE,TANK,DEFEND_IRONCLAD,DRUM_OF_BATTLE,RUPTURE,CINDER,STAMPEDE,INFERNO,ARMAMENTS,PRIMAL_FORCE,PERFECTED_STRIKE,STONE_ARMOR,BREAKTHROUGH
  [cell] SpinyToadNormal                  bucket=Monster wins=4/4 (100%) outcomes=W/W/W/W avg_reward=+91.5
  [cell-deck] SpinyToadNormal Monster STRIKE_IRONCLAD,STRIKE_IRONCLAD,DEFEND_IRONCLAD,DEFEND_IRONCLAD,BASH,BASH,TWIN_STRIKE,TWIN_STRIKE,CASCADE,BREAKTHROUGH,PILLAGE,DOMINATE,MOLTEN_FIST,SECOND_WIND,DARK_EMBRACE,PERFECTED_STRIKE,SHRUG_IT_OFF,BLOODLETTING,TREMBLE,FORGOTTEN_RITUAL,HAVOC,HEADBUTT,BASH,BATTLE_TRANCE
  [cell] ConstructMenagerieNormal         bucket=Monster wins=0/4 (  0%) outcomes=L/L/L/L avg_reward=-41.3
  [cell-deck] ConstructMenagerieNormal Monster STRIKE_IRONCLAD,STRIKE_IRONCLAD,DEFEND_IRONCLAD,DEFEND_IRONCLAD,DEFEND_IRONCLAD,DEFEND_IRONCLAD,SECOND_WIND,MOLTEN_FIST,STRIKE_IRONCLAD,MOLTEN_FIST,HOWL_FROM_BEYOND,FLAME_BARRIER,TWIN_STRIKE,STRIKE_IRONCLAD,THUNDERCLAP,BASH,TAUNT,VICIOUS,SETUP_STRIKE,SETUP_STRIKE,STAMPEDE,BRAND,CRUELTY,BATTLE_TRANCE,VICIOUS,HEADBUTT
  [cell] HunterKillerNormal               bucket=Monster wins=4/4 (100%) outcomes=W/W/W/W avg_reward=+55.8
  [cell-deck] HunterKillerNormal Monster STRIKE_IRONCLAD,STRIKE_IRONCLAD,STRIKE_IRONCLAD,DEFEND_IRONCLAD,BASH,BASH,RAMPAGE,BULLY,SHRUG_IT_OFF,PERFECTED_STRIKE,CONFLAGRATION,DEFEND_IRONCLAD,BREAKTHROUGH,HELLRAISER,HAVOC,FEED,RUPTURE,EVIL_EYE,POMMEL_STRIKE,TRUE_GRIT,BLOOD_WALL,SHRUG_IT_OFF,THUNDERCLAP,STRIKE_IRONCLAD
  [cell] TheObscuraNormal                 bucket=Monster wins=3/4 ( 75%) outcomes=W/L/W/W avg_reward=+195.0
  [cell-deck] TheObscuraNormal Monster STRIKE_IRONCLAD,STRIKE_IRONCLAD,DEFEND_IRONCLAD,DEFEND_IRONCLAD,DEFEND_IRONCLAD,BASH,STRIKE_IRONCLAD,MOLTEN_FIST,MOLTEN_FIST,SWORD_BOOMERANG,ANGER,SWORD_BOOMERANG,MOLTEN_FIST,STAMPEDE,HOWL_FROM_BEYOND,SWORD_BOOMERANG,ANGER,SHRUG_IT_OFF,PRIMAL_FORCE,UNMOVABLE,INFERNO,RAGE,TRUE_GRIT,FIGHT_ME,STOMP,BODY_SLAM,SHRUG_IT_OFF
  [cell] RubyRaidersNormal                bucket=Monster wins=4/4 (100%) outcomes=W/W/W/W avg_reward=+54.3
  [cell-deck] RubyRaidersNormal Monster STRIKE_IRONCLAD,STRIKE_IRONCLAD,STRIKE_IRONCLAD,STRIKE_IRONCLAD,DEFEND_IRONCLAD,BASH,HEADBUTT,HELLRAISER,DEFEND_IRONCLAD,ASHEN_STRIKE,THUNDERCLAP,COLOSSUS,STOKE,BURNING_PACT,OFFERING,BLOODLETTING,PILLAGE,MOLTEN_FIST,FEEL_NO_PAIN,HAVOC,SPITE,ARMAMENTS,RAMPAGE,INFLAME,THUNDERCLAP
  [cell] LouseProgenitorNormal            bucket=Monster wins=4/4 (100%) outcomes=W/W/W/W avg_reward=+90.0
  [cell-deck] LouseProgenitorNormal Monster STRIKE_IRONCLAD,STRIKE_IRONCLAD,STRIKE_IRONCLAD,DEFEND_IRONCLAD,DEFEND_IRONCLAD,BASH,TRUE_GRIT,MOLTEN_FIST,DISMANTLE,BATTLE_TRANCE,IRON_WAVE,DEFEND_IRONCLAD,BREAKTHROUGH,SETUP_STRIKE,BASH,NOT_YET,BRAND,INFERNO,PERFECTED_STRIKE,BREAKTHROUGH,CINDER,BREAKTHROUGH,OFFERING,RUPTURE,NOT_YET,THUNDERCLAP,ANGER
  [cell] GlobeHeadNormal                  bucket=Monster wins=0/4 (  0%) outcomes=L/L/L/L avg_reward=+37.5
  [cell-deck] GlobeHeadNormal Monster STRIKE_IRONCLAD,STRIKE_IRONCLAD,DEFEND_IRONCLAD,DEFEND_IRONCLAD,DEFEND_IRONCLAD,BASH,BREAKTHROUGH,SETUP_STRIKE,STRIKE_IRONCLAD,INFERNAL_BLADE,INFERNO,BULLY,FEEL_NO_PAIN,UNRELENTING,SHRUG_IT_OFF,THUNDERCLAP,MOLTEN_FIST,STONE_ARMOR,BLOOD_WALL,TWIN_STRIKE,HAVOC,EVIL_EYE,INFERNAL_BLADE,CINDER,BODY_SLAM
  [cell] OvicopterNormal                  bucket=Monster wins=4/4 (100%) outcomes=W/W/W/W avg_reward=+97.8
  [cell-deck] OvicopterNormal Monster STRIKE_IRONCLAD,STRIKE_IRONCLAD,STRIKE_IRONCLAD,STRIKE_IRONCLAD,DEFEND_IRONCLAD,DEFEND_IRONCLAD,ARMAMENTS,SETUP_STRIKE,TWIN_STRIKE,SPITE,STONE_ARMOR,PYRE,STRIKE_IRONCLAD,PILLAGE,THUNDERCLAP,DEFEND_IRONCLAD,RAMPAGE,STOMP,BODY_SLAM,MOLTEN_FIST,SETUP_STRIKE,COLOSSUS,HOWL_FROM_BEYOND,IRON_WAVE,STRIKE_IRONCLAD
  [cell] DevotedSculptorWeak              bucket=Monster wins=0/4 (  0%) outcomes=L/L/L/L avg_reward=+25.5
  [cell-deck] DevotedSculptorWeak Monster STRIKE_IRONCLAD,DEFEND_IRONCLAD,DEFEND_IRONCLAD,DEFEND_IRONCLAD,BASH,CINDER,SWORD_BOOMERANG,FIGHT_ME,ASHEN_STRIKE,THUNDERCLAP,BLOODLETTING,BLOOD_WALL,BRAND,PYRE,CRUELTY,BODY_SLAM,BLOODLETTING,BREAKTHROUGH,ONE_TWO_PUNCH,AGGRESSION,DEMONIC_SHIELD,BREAKTHROUGH,SECOND_WIND,RAMPAGE,UPPERCUT
  [cell] SlitheringStranglerNormal        bucket=Monster wins=4/4 (100%) outcomes=W/W/W/W avg_reward=+66.5
  [cell-deck] SlitheringStranglerNormal Monster STRIKE_IRONCLAD,STRIKE_IRONCLAD,STRIKE_IRONCLAD,STRIKE_IRONCLAD,DEFEND_IRONCLAD,BASH,BLUDGEON,SETUP_STRIKE,RUPTURE,ANGER,DISMANTLE,BLOOD_WALL,HEADBUTT,NOT_YET,HEMOKINESIS,ARMAMENTS,TANK,JUGGLING,BLOOD_WALL,STRIKE_IRONCLAD,HELLRAISER,SPITE,BLUDGEON,SWORD_BOOMERANG,PACTS_END,ARMAMENTS
  [cell] SlumberingBeetleNormal           bucket=Monster wins=0/4 (  0%) outcomes=L/L/L/L avg_reward=-29.8
  [cell-deck] SlumberingBeetleNormal Monster STRIKE_IRONCLAD,STRIKE_IRONCLAD,DEFEND_IRONCLAD,DEFEND_IRONCLAD,BASH,CASCADE,MOLTEN_FIST,POMMEL_STRIKE,MOLTEN_FIST,DOMINATE,SHRUG_IT_OFF,BASH,STOKE,HAVOC,HAVOC,TRUE_GRIT,BASH,HAVOC,DOMINATE,INFLAME,UPPERCUT,IMPERVIOUS,INFERNO,FLAME_BARRIER,COLOSSUS,WHIRLWIND
  [cell] FrogKnightNormal                 bucket=Monster wins=0/4 (  0%) outcomes=L/L/L/L avg_reward=-49.8
  [cell-deck] FrogKnightNormal Monster STRIKE_IRONCLAD,STRIKE_IRONCLAD,STRIKE_IRONCLAD,DEFEND_IRONCLAD,DEFEND_IRONCLAD,DEFEND_IRONCLAD,COLOSSUS,SETUP_STRIKE,HEADBUTT,DEFEND_IRONCLAD,TANK,IRON_WAVE,BARRICADE,JUGGLING,BASH,STONE_ARMOR,AGGRESSION,DEMONIC_SHIELD,ARMAMENTS,ARMAMENTS,BULLY,CRUELTY,STRIKE_IRONCLAD,BLOODLETTING,FORGOTTEN_RITUAL,SPITE
  [cell] TheLostAndForgottenNormal        bucket=Monster wins=0/4 (  0%) outcomes=L/L/L/L avg_reward=+21.0
  [cell-deck] TheLostAndForgottenNormal Monster STRIKE_IRONCLAD,STRIKE_IRONCLAD,STRIKE_IRONCLAD,DEFEND_IRONCLAD,BASH,BURNING_PACT,DOMINATE,TRUE_GRIT,BLOOD_WALL,SPITE,FEEL_NO_PAIN,ARMAMENTS,FEEL_NO_PAIN,BODY_SLAM,MOLTEN_FIST,RAMPAGE,ANGER,POMMEL_STRIKE,BASH,ANGER,PILLAGE,STOMP,DISMANTLE,BLOOD_WALL,IRON_WAVE,SHRUG_IT_OFF
  [cell] OwlMagistrateNormal              bucket=Monster wins=0/4 (  0%) outcomes=L/L/L/L avg_reward=+31.8
  [cell-deck] OwlMagistrateNormal Monster STRIKE_IRONCLAD,STRIKE_IRONCLAD,STRIKE_IRONCLAD,DEFEND_IRONCLAD,DEFEND_IRONCLAD,BASH,EVIL_EYE,SETUP_STRIKE,BULLY,JUGGERNAUT,FEEL_NO_PAIN,VICIOUS,RAMPAGE,INFERNO,RAGE,JUGGERNAUT,BODY_SLAM,BASH,WHIRLWIND,CONFLAGRATION,TRUE_GRIT,STOKE,HEMOKINESIS,HEADBUTT,BURNING_PACT,HEMOKINESIS,RAGE
  [cell] FabricatorNormal                 bucket=Monster wins=4/4 (100%) outcomes=W/W/W/W avg_reward=+150.0
  [cell-deck] FabricatorNormal Monster STRIKE_IRONCLAD,STRIKE_IRONCLAD,DEFEND_IRONCLAD,DEFEND_IRONCLAD,DEFEND_IRONCLAD,BURNING_PACT,BASH,BREAKTHROUGH,PILLAGE,BULLY,AGGRESSION,VICIOUS,UPPERCUT,TRUE_GRIT,SHRUG_IT_OFF,HEADBUTT,UNRELENTING,THRASH,STONE_ARMOR,IRON_WAVE,DEMON_FORM,BATTLE_TRANCE,BLOOD_WALL,SWORD_BOOMERANG,STRIKE_IRONCLAD,INFLAME
  [cell] SlimedBerserkerNormal            bucket=Monster wins=0/4 (  0%) outcomes=L/L/L/L avg_reward=+78.0
  [cell-deck] SlimedBerserkerNormal Monster STRIKE_IRONCLAD,STRIKE_IRONCLAD,DEFEND_IRONCLAD,DEFEND_IRONCLAD,DEFEND_IRONCLAD,DEFEND_IRONCLAD,HEADBUTT,SECOND_WIND,UNMOVABLE,STRIKE_IRONCLAD,TREMBLE,HAVOC,DISMANTLE,HEMOKINESIS,DEFEND_IRONCLAD,DEFEND_IRONCLAD,DOMINATE,SWORD_BOOMERANG,TWIN_STRIKE,HOWL_FROM_BEYOND,PYRE,DEFEND_IRONCLAD,BLOODLETTING,SHRUG_IT_OFF,ANGER
  [cell] PhantasmalGardenersElite         bucket=Elite   wins=4/4 (100%) outcomes=W/W/W/W avg_reward=+55.3
  [cell-deck] PhantasmalGardenersElite Elite STRIKE_IRONCLAD,STRIKE_IRONCLAD,STRIKE_IRONCLAD,DEFEND_IRONCLAD,BASH,BURNING_PACT,SWORD_BOOMERANG,HEADBUTT,BODY_SLAM,POMMEL_STRIKE,PERFECTED_STRIKE,TWIN_STRIKE,MOLTEN_FIST,RAGE,TREMBLE,BURNING_PACT,TREMBLE,BATTLE_TRANCE,IRON_WAVE,ARMAMENTS,UNMOVABLE,FIGHT_ME,TRUE_GRIT,JUGGERNAUT
  [cell] SkulkingColonyElite              bucket=Elite   wins=3/4 ( 75%) outcomes=W/L/W/W avg_reward=+7.0
  [cell-deck] SkulkingColonyElite Elite STRIKE_IRONCLAD,STRIKE_IRONCLAD,STRIKE_IRONCLAD,DEFEND_IRONCLAD,DEFEND_IRONCLAD,DEFEND_IRONCLAD,JUGGLING,SECOND_WIND,SECOND_WIND,BASH,HAVOC,TAUNT,TWIN_STRIKE,HAVOC,THUNDERCLAP,ARMAMENTS,HOWL_FROM_BEYOND,NOT_YET,THUNDERCLAP,SECOND_WIND,FLAME_BARRIER,STONE_ARMOR,STOMP,ARMAMENTS,STRIKE_IRONCLAD,TREMBLE
  [cell] ByrdonisElite                    bucket=Elite   wins=4/4 (100%) outcomes=W/W/W/W avg_reward=+52.5
  [cell-deck] ByrdonisElite Elite STRIKE_IRONCLAD,STRIKE_IRONCLAD,DEFEND_IRONCLAD,DEFEND_IRONCLAD,BASH,BULLY,NOT_YET,SECOND_WIND,RAMPAGE,BASH,COLOSSUS,TREMBLE,BREAKTHROUGH,HAVOC,BARRICADE,UNRELENTING,TAUNT,DISMANTLE,CRUELTY,JUGGLING,PERFECTED_STRIKE,RUPTURE,SETUP_STRIKE,CONFLAGRATION
  [cell] PhrogParasiteElite               bucket=Elite   wins=4/4 (100%) outcomes=W/W/W/W avg_reward=+83.5
  [cell-deck] PhrogParasiteElite Elite STRIKE_IRONCLAD,STRIKE_IRONCLAD,STRIKE_IRONCLAD,DEFEND_IRONCLAD,BASH,SECOND_WIND,HELLRAISER,DOMINATE,TWIN_STRIKE,DEMON_FORM,MOLTEN_FIST,FIGHT_ME,HOWL_FROM_BEYOND,STONE_ARMOR,POMMEL_STRIKE,EVIL_EYE,SWORD_BOOMERANG,TWIN_STRIKE,BLOODLETTING,DEMONIC_SHIELD,HEADBUTT,DRUM_OF_BATTLE,PERFECTED_STRIKE,PERFECTED_STRIKE,INFLAME
  [cell] BygoneEffigyElite                bucket=Elite   wins=3/4 ( 75%) outcomes=W/W/L/W avg_reward=+58.5
  [cell-deck] BygoneEffigyElite Elite STRIKE_IRONCLAD,STRIKE_IRONCLAD,STRIKE_IRONCLAD,STRIKE_IRONCLAD,STRIKE_IRONCLAD,DEFEND_IRONCLAD,BURNING_PACT,BULLY,DRUM_OF_BATTLE,UNRELENTING,BURNING_PACT,INFLAME,THUNDERCLAP,THRASH,STOKE,BRAND,CASCADE,SETUP_STRIKE,STRIKE_IRONCLAD,JUGGERNAUT,AGGRESSION,BARRICADE,DEFEND_IRONCLAD,WHIRLWIND,IRON_WAVE,UPPERCUT,POMMEL_STRIKE
  [cell] DecimillipedeElite               bucket=Elite   wins=0/4 (  0%) outcomes=L/L/L/L avg_reward=+8.0
  [cell-deck] DecimillipedeElite Elite STRIKE_IRONCLAD,STRIKE_IRONCLAD,DEFEND_IRONCLAD,DEFEND_IRONCLAD,DEFEND_IRONCLAD,SECOND_WIND,BURNING_PACT,OFFERING,HOWL_FROM_BEYOND,SHRUG_IT_OFF,BREAKTHROUGH,EVIL_EYE,BASH,JUGGERNAUT,STONE_ARMOR,BLOOD_WALL,STOKE,BODY_SLAM,THRASH,STRIKE_IRONCLAD,BLOOD_WALL,POMMEL_STRIKE,HAVOC,DOMINATE,STONE_ARMOR,BREAKTHROUGH
  [cell] TerrorEelElite                   bucket=Elite   wins=4/4 (100%) outcomes=W/W/W/W avg_reward=+109.8
  [cell-deck] TerrorEelElite Elite STRIKE_IRONCLAD,STRIKE_IRONCLAD,STRIKE_IRONCLAD,DEFEND_IRONCLAD,DEFEND_IRONCLAD,DEFEND_IRONCLAD,DISMANTLE,BULLY,BATTLE_TRANCE,CINDER,SHRUG_IT_OFF,UNMOVABLE,INFERNO,SWORD_BOOMERANG,FEEL_NO_PAIN,TRUE_GRIT,FEEL_NO_PAIN,IMPERVIOUS,SHRUG_IT_OFF,STAMPEDE,SHRUG_IT_OFF,MOLTEN_FIST,TWIN_STRIKE,DEFEND_IRONCLAD,DOMINATE,RAMPAGE,TWIN_STRIKE
  [cell] EntomancerElite                  bucket=Elite   wins=0/4 (  0%) outcomes=L/L/L/L avg_reward=+2.5
  [cell-deck] EntomancerElite Elite STRIKE_IRONCLAD,DEFEND_IRONCLAD,DEFEND_IRONCLAD,DEFEND_IRONCLAD,DEFEND_IRONCLAD,SHRUG_IT_OFF,TRUE_GRIT,POMMEL_STRIKE,MOLTEN_FIST,BODY_SLAM,STRIKE_IRONCLAD,UNMOVABLE,BASH,DEFEND_IRONCLAD,FORGOTTEN_RITUAL,SECOND_WIND,NOT_YET,STOKE,TAUNT,BREAKTHROUGH,BREAKTHROUGH,BLOODLETTING,FEEL_NO_PAIN,PERFECTED_STRIKE
  [cell] InfestedPrismsElite              bucket=Elite   wins=0/4 (  0%) outcomes=L/L/L/L avg_reward=+19.3
  [cell-deck] InfestedPrismsElite Elite STRIKE_IRONCLAD,STRIKE_IRONCLAD,STRIKE_IRONCLAD,DEFEND_IRONCLAD,DEFEND_IRONCLAD,BASH,SPITE,COLOSSUS,STRIKE_IRONCLAD,DEFEND_IRONCLAD,SWORD_BOOMERANG,FEEL_NO_PAIN,BLOODLETTING,HAVOC,FEEL_NO_PAIN,POMMEL_STRIKE,VICIOUS,BATTLE_TRANCE,MANGLE,FIGHT_ME,SETUP_STRIKE,TRUE_GRIT,ANGER,STOKE,DARK_EMBRACE
  [cell] SoulNexusElite                   bucket=Elite   wins=0/4 (  0%) outcomes=L/L/L/L avg_reward=-37.0
  [cell-deck] SoulNexusElite Elite STRIKE_IRONCLAD,STRIKE_IRONCLAD,DEFEND_IRONCLAD,DEFEND_IRONCLAD,BASH,SHRUG_IT_OFF,RAGE,TRUE_GRIT,BLOOD_WALL,OFFERING,HEADBUTT,TRUE_GRIT,RAGE,ARMAMENTS,MOLTEN_FIST,HEMOKINESIS,IRON_WAVE,WHIRLWIND,NOT_YET,RAMPAGE,TANK,HAVOC,BRAND,DRUM_OF_BATTLE
  [cell] KnightsElite                     bucket=Elite   wins=0/4 (  0%) outcomes=L/L/L/L avg_reward=-28.3
  [cell-deck] KnightsElite Elite STRIKE_IRONCLAD,STRIKE_IRONCLAD,STRIKE_IRONCLAD,DEFEND_IRONCLAD,DEFEND_IRONCLAD,BASH,TEAR_ASUNDER,COLOSSUS,JUGGLING,JUGGLING,FEED,STRIKE_IRONCLAD,SHRUG_IT_OFF,FIGHT_ME,UPPERCUT,FORGOTTEN_RITUAL,BODY_SLAM,TAUNT,INFERNO,PERFECTED_STRIKE,HEADBUTT,HEADBUTT,RAGE,BASH,BASH,RUPTURE
  [cell] MechaKnightElite                 bucket=Elite   wins=0/4 (  0%) outcomes=L/L/L/L avg_reward=+10.3
  [cell-deck] MechaKnightElite Elite STRIKE_IRONCLAD,STRIKE_IRONCLAD,DEFEND_IRONCLAD,DEFEND_IRONCLAD,BASH,SHRUG_IT_OFF,HAVOC,BREAKTHROUGH,PILLAGE,ARMAMENTS,BARRICADE,THUNDERCLAP,DARK_EMBRACE,STOMP,SETUP_STRIKE,CINDER,HOWL_FROM_BEYOND,CINDER,DOMINATE,BREAKTHROUGH,INFERNO,SETUP_STRIKE,UPPERCUT,ASHEN_STRIKE,BODY_SLAM
  [cell] TestSubjectBoss                  bucket=Boss    wins=0/4 (  0%) outcomes=L/L/L/L avg_reward=-2.0
  [cell-deck] TestSubjectBoss Boss STRIKE_IRONCLAD,STRIKE_IRONCLAD,STRIKE_IRONCLAD,STRIKE_IRONCLAD,BASH,COLOSSUS,DEMONIC_SHIELD,STRIKE_IRONCLAD,TREMBLE,COLOSSUS,FEEL_NO_PAIN,EVIL_EYE,MOLTEN_FIST,BODY_SLAM,DEMONIC_SHIELD,PERFECTED_STRIKE,HEADBUTT,SWORD_BOOMERANG,BREAKTHROUGH,TWIN_STRIKE,DRUM_OF_BATTLE,FEEL_NO_PAIN,THUNDERCLAP,FORGOTTEN_RITUAL,DEFEND_IRONCLAD,PYRE
  [cell] VantomBoss                       bucket=Boss    wins=2/4 ( 50%) outcomes=L/L/W/W avg_reward=+73.0
  [cell-deck] VantomBoss Boss STRIKE_IRONCLAD,STRIKE_IRONCLAD,STRIKE_IRONCLAD,DEFEND_IRONCLAD,DEFEND_IRONCLAD,DEFEND_IRONCLAD,INFLAME,SHRUG_IT_OFF,BREAKTHROUGH,HEADBUTT,BODY_SLAM,HEMOKINESIS,RAMPAGE,SWORD_BOOMERANG,THUNDERCLAP,IRON_WAVE,THUNDERCLAP,VICIOUS,HAVOC,HEADBUTT,ASHEN_STRIKE,SECOND_WIND,BODY_SLAM,ARMAMENTS,STOMP,SPITE,HAVOC
  [cell] SoulFyshBoss                     bucket=Boss    wins=4/4 (100%) outcomes=W/W/W/W avg_reward=+168.8
  [cell-deck] SoulFyshBoss Boss STRIKE_IRONCLAD,STRIKE_IRONCLAD,STRIKE_IRONCLAD,STRIKE_IRONCLAD,DEFEND_IRONCLAD,CINDER,BARRICADE,BASH,HAVOC,RUPTURE,WHIRLWIND,DISMANTLE,BRAND,TRUE_GRIT,HEMOKINESIS,FEED,FLAME_BARRIER,BASH,TRUE_GRIT,HEADBUTT,WHIRLWIND,RAGE,RAMPAGE,BLOODLETTING
  [cell] LagavulinMatriarchBoss           bucket=Boss    wins=0/4 (  0%) outcomes=L/L/L/L avg_reward=+45.8
  [cell-deck] LagavulinMatriarchBoss Boss STRIKE_IRONCLAD,STRIKE_IRONCLAD,DEFEND_IRONCLAD,DEFEND_IRONCLAD,DEFEND_IRONCLAD,BASH,PERFECTED_STRIKE,SHRUG_IT_OFF,TWIN_STRIKE,SECOND_WIND,RAMPAGE,TREMBLE,DISMANTLE,STONE_ARMOR,HEMOKINESIS,DEFEND_IRONCLAD,ARMAMENTS,SHRUG_IT_OFF,FEEL_NO_PAIN,RAGE,STONE_ARMOR,BURNING_PACT,SWORD_BOOMERANG,DOMINATE,NOT_YET
  [cell] WaterfallGiantBoss               bucket=Boss    wins=2/4 ( 50%) outcomes=L/W/W/L avg_reward=+163.0
  [cell-deck] WaterfallGiantBoss Boss STRIKE_IRONCLAD,STRIKE_IRONCLAD,DEFEND_IRONCLAD,DEFEND_IRONCLAD,DEFEND_IRONCLAD,CINDER,STRIKE_IRONCLAD,DRUM_OF_BATTLE,TWIN_STRIKE,BLOODLETTING,PERFECTED_STRIKE,DARK_EMBRACE,STAMPEDE,PRIMAL_FORCE,PILLAGE,BLOODLETTING,EVIL_EYE,DEFEND_IRONCLAD,PRIMAL_FORCE,UNRELENTING,PRIMAL_FORCE,VICIOUS,IMPERVIOUS,SWORD_BOOMERANG
  [cell] TheKinBoss                       bucket=Boss    wins=0/4 (  0%) outcomes=L/L/L/L avg_reward=+105.5
  [cell-deck] TheKinBoss Boss STRIKE_IRONCLAD,STRIKE_IRONCLAD,STRIKE_IRONCLAD,DEFEND_IRONCLAD,DEFEND_IRONCLAD,DEFEND_IRONCLAD,SETUP_STRIKE,SHRUG_IT_OFF,RAMPAGE,UPPERCUT,BURNING_PACT,EVIL_EYE,TWIN_STRIKE,SHRUG_IT_OFF,BASH,ARMAMENTS,BURNING_PACT,INFERNO,DISMANTLE,TREMBLE,IRON_WAVE,SETUP_STRIKE,INFERNAL_BLADE,PILLAGE,FIGHT_ME,BREAKTHROUGH
  [cell] CeremonialBeastBoss              bucket=Boss    wins=2/4 ( 50%) outcomes=L/W/W/L avg_reward=+154.0
  [cell-deck] CeremonialBeastBoss Boss STRIKE_IRONCLAD,STRIKE_IRONCLAD,DEFEND_IRONCLAD,DEFEND_IRONCLAD,BASH,CINDER,MOLTEN_FIST,PACTS_END,HEMOKINESIS,MOLTEN_FIST,COLOSSUS,CINDER,FEEL_NO_PAIN,FORGOTTEN_RITUAL,STOMP,THUNDERCLAP,DEFEND_IRONCLAD,INFLAME,FIGHT_ME,HOWL_FROM_BEYOND,DOMINATE,DEFEND_IRONCLAD,DEFEND_IRONCLAD,JUGGERNAUT
  [cell] TheInsatiableBoss                bucket=Boss    wins=0/4 (  0%) outcomes=L/L/L/L avg_reward=+8.0
  [cell-deck] TheInsatiableBoss Boss STRIKE_IRONCLAD,STRIKE_IRONCLAD,STRIKE_IRONCLAD,DEFEND_IRONCLAD,DEFEND_IRONCLAD,BASH,SWORD_BOOMERANG,SETUP_STRIKE,HEADBUTT,CINDER,SHRUG_IT_OFF,STOMP,MANGLE,SECOND_WIND,RAGE,STOMP,FEED,CRUELTY,CRIMSON_MANTLE,BLOODLETTING,CRIMSON_MANTLE,CINDER,BODY_SLAM,TRUE_GRIT,BREAKTHROUGH,TREMBLE
  [cell] KnowledgeDemonBoss               bucket=Boss    wins=0/4 (  0%) outcomes=L/L/L/L avg_reward=+184.5
  [cell-deck] KnowledgeDemonBoss Boss STRIKE_IRONCLAD,DEFEND_IRONCLAD,DEFEND_IRONCLAD,DEFEND_IRONCLAD,BASH,CINDER,DISMANTLE,TEAR_ASUNDER,WHIRLWIND,ANGER,THUNDERCLAP,BREAKTHROUGH,UPPERCUT,BODY_SLAM,TWIN_STRIKE,POMMEL_STRIKE,CINDER,SHRUG_IT_OFF,BLOODLETTING,VICIOUS,VICIOUS,MOLTEN_FIST,BLOOD_WALL,CRIMSON_MANTLE,FORGOTTEN_RITUAL
  [cell] KaiserCrabBoss                   bucket=Boss    wins=0/4 (  0%) outcomes=L/L/L/L avg_reward=-30.5
  [cell-deck] KaiserCrabBoss Boss STRIKE_IRONCLAD,STRIKE_IRONCLAD,STRIKE_IRONCLAD,DEFEND_IRONCLAD,DEFEND_IRONCLAD,DEFEND_IRONCLAD,TRUE_GRIT,SETUP_STRIKE,BREAKTHROUGH,INFERNAL_BLADE,CRIMSON_MANTLE,CINDER,BREAKTHROUGH,RAGE,DARK_EMBRACE,IRON_WAVE,IRON_WAVE,ARMAMENTS,BURNING_PACT,EXPECT_A_FIGHT,WHIRLWIND,SHRUG_IT_OFF,STRIKE_IRONCLAD,CINDER,WHIRLWIND,PERFECTED_STRIKE,JUGGLING
  [cell] DoormakerBoss                    bucket=Boss    wins=0/4 (  0%) outcomes=L/L/L/L avg_reward=+29.3
  [cell-deck] DoormakerBoss Boss STRIKE_IRONCLAD,STRIKE_IRONCLAD,STRIKE_IRONCLAD,STRIKE_IRONCLAD,DEFEND_IRONCLAD,CINDER,BASH,BLOODLETTING,IRON_WAVE,HEADBUTT,INFERNO,BODY_SLAM,MOLTEN_FIST,TRUE_GRIT,BLOOD_WALL,FORGOTTEN_RITUAL,BREAKTHROUGH,UNRELENTING,TEAR_ASUNDER,INFERNAL_BLADE,POMMEL_STRIKE,THUNDERCLAP,TREMBLE,UPPERCUT,RUPTURE
  [cell] QueenBoss                        bucket=Boss    wins=0/4 (  0%) outcomes=L/L/L/L avg_reward=-34.0
  [cell-deck] QueenBoss Boss STRIKE_IRONCLAD,STRIKE_IRONCLAD,STRIKE_IRONCLAD,DEFEND_IRONCLAD,DEFEND_IRONCLAD,RAGE,VICIOUS,UNMOVABLE,BURNING_PACT,RAMPAGE,STRIKE_IRONCLAD,VICIOUS,HOWL_FROM_BEYOND,DEMONIC_SHIELD,CINDER,TWIN_STRIKE,DEFEND_IRONCLAD,BREAKTHROUGH,HOWL_FROM_BEYOND,FLAME_BARRIER,BASH,EXPECT_A_FIGHT,PYRE,SHRUG_IT_OFF,DISMANTLE,ANGER
  [cell] InkletsNormal                    bucket=Monster wins=4/4 (100%) outcomes=W/W/W/W avg_reward=+13.3
  [cell-deck] InkletsNormal Monster STRIKE_IRONCLAD,STRIKE_IRONCLAD,STRIKE_IRONCLAD,STRIKE_IRONCLAD,DEFEND_IRONCLAD,DEFEND_IRONCLAD,COLOSSUS,BODY_SLAM,TEAR_ASUNDER,NOT_YET,HOWL_FROM_BEYOND,TREMBLE,BLOODLETTING,HELLRAISER,STOKE,RAMPAGE,STRIKE_IRONCLAD,DOMINATE,CRIMSON_MANTLE,STRIKE_IRONCLAD,EVIL_EYE,BODY_SLAM,TREMBLE,ANGER,MOLTEN_FIST
  [cell] TwoTailedRatsNormal              bucket=Monster wins=4/4 (100%) outcomes=W/W/W/W avg_reward=+47.3
  [cell-deck] TwoTailedRatsNormal Monster STRIKE_IRONCLAD,STRIKE_IRONCLAD,DEFEND_IRONCLAD,DEFEND_IRONCLAD,DEFEND_IRONCLAD,BASH,STRIKE_IRONCLAD,PYRE,SHRUG_IT_OFF,CASCADE,SHRUG_IT_OFF,BLOODLETTING,HEADBUTT,TWIN_STRIKE,BASH,ASHEN_STRIKE,FIGHT_ME,SECOND_WIND,CINDER,FORGOTTEN_RITUAL,BURNING_PACT,TREMBLE,SHRUG_IT_OFF,POMMEL_STRIKE,HEMOKINESIS,HELLRAISER
  [cell] ToadpolesWeak                    bucket=Monster wins=4/4 (100%) outcomes=W/W/W/W avg_reward=+43.3
  [cell-deck] ToadpolesWeak Monster STRIKE_IRONCLAD,STRIKE_IRONCLAD,STRIKE_IRONCLAD,DEFEND_IRONCLAD,DEFEND_IRONCLAD,BODY_SLAM,PERFECTED_STRIKE,TAUNT,AGGRESSION,DRUM_OF_BATTLE,SHRUG_IT_OFF,HAVOC,FEEL_NO_PAIN,HAVOC,UPPERCUT,BATTLE_TRANCE,BURNING_PACT,ARMAMENTS,BASH,PRIMAL_FORCE,MANGLE,DEMONIC_SHIELD,FEEL_NO_PAIN,STRIKE_IRONCLAD,SHRUG_IT_OFF
  [cell] CorpseSlugsNormal                bucket=Monster wins=4/4 (100%) outcomes=W/W/W/W avg_reward=+60.0
  [cell-deck] CorpseSlugsNormal Monster STRIKE_IRONCLAD,STRIKE_IRONCLAD,STRIKE_IRONCLAD,STRIKE_IRONCLAD,DEFEND_IRONCLAD,DEFEND_IRONCLAD,TREMBLE,PRIMAL_FORCE,INFERNAL_BLADE,HOWL_FROM_BEYOND,CRUELTY,JUGGLING,BASH,TREMBLE,RAGE,STRIKE_IRONCLAD,JUGGLING,HEMOKINESIS,BREAKTHROUGH,POMMEL_STRIKE,TWIN_STRIKE,HAVOC,FIGHT_ME,UNMOVABLE,DARK_EMBRACE,BREAKTHROUGH
  [cell] CorpseSlugsWeak                  bucket=Monster wins=4/4 (100%) outcomes=W/W/W/W avg_reward=+44.3
  [cell-deck] CorpseSlugsWeak Monster STRIKE_IRONCLAD,STRIKE_IRONCLAD,DEFEND_IRONCLAD,DEFEND_IRONCLAD,BASH,BODY_SLAM,FEED,BLOOD_WALL,IRON_WAVE,STOKE,FEEL_NO_PAIN,FIEND_FIRE,UPPERCUT,BREAKTHROUGH,BLOODLETTING,TAUNT,BODY_SLAM,COLOSSUS,STRIKE_IRONCLAD,BRAND,CINDER,PERFECTED_STRIKE,BREAKTHROUGH,IRON_WAVE,ANGER
  [cell] ExoskeletonsNormal               bucket=Monster wins=3/4 ( 75%) outcomes=L/W/W/W avg_reward=+39.8
  [cell-deck] ExoskeletonsNormal Monster STRIKE_IRONCLAD,STRIKE_IRONCLAD,STRIKE_IRONCLAD,DEFEND_IRONCLAD,DEFEND_IRONCLAD,BASH,ANGER,PRIMAL_FORCE,COLOSSUS,SHRUG_IT_OFF,STONE_ARMOR,WHIRLWIND,RUPTURE,TEAR_ASUNDER,DEFEND_IRONCLAD,MANGLE,SECOND_WIND,CINDER,BLOODLETTING,THRASH,RAMPAGE,TRUE_GRIT,ASHEN_STRIKE,CRIMSON_MANTLE,BASH,TREMBLE,BODY_SLAM
  [cell] ExoskeletonsWeak                 bucket=Monster wins=4/4 (100%) outcomes=W/W/W/W avg_reward=+47.0
  [cell-deck] ExoskeletonsWeak Monster STRIKE_IRONCLAD,STRIKE_IRONCLAD,DEFEND_IRONCLAD,DEFEND_IRONCLAD,DEFEND_IRONCLAD,BODY_SLAM,BLOODLETTING,FEEL_NO_PAIN,ASHEN_STRIKE,BURNING_PACT,AGGRESSION,DRUM_OF_BATTLE,MOLTEN_FIST,TWIN_STRIKE,DEFEND_IRONCLAD,PERFECTED_STRIKE,BLOOD_WALL,HOWL_FROM_BEYOND,JUGGERNAUT,RAMPAGE,THUNDERCLAP,TREMBLE,UPPERCUT,COLOSSUS,DEMON_FORM
  [cell] ScrollsOfBitingNormal            bucket=Monster wins=1/4 ( 25%) outcomes=L/L/L/W avg_reward=+0.3
  [cell-deck] ScrollsOfBitingNormal Monster STRIKE_IRONCLAD,STRIKE_IRONCLAD,STRIKE_IRONCLAD,STRIKE_IRONCLAD,DEFEND_IRONCLAD,DEFEND_IRONCLAD,BLOOD_WALL,POMMEL_STRIKE,WHIRLWIND,ANGER,DISMANTLE,HAVOC,DISMANTLE,STRIKE_IRONCLAD,THUNDERCLAP,DEMONIC_SHIELD,THUNDERCLAP,VICIOUS,BASH,BATTLE_TRANCE,FORGOTTEN_RITUAL,HAVOC,SETUP_STRIKE,MANGLE,THUNDERCLAP
  [cell] ScrollsOfBitingWeak              bucket=Monster wins=4/4 (100%) outcomes=W/W/W/W avg_reward=+53.5
  [cell-deck] ScrollsOfBitingWeak Monster STRIKE_IRONCLAD,DEFEND_IRONCLAD,DEFEND_IRONCLAD,DEFEND_IRONCLAD,DEFEND_IRONCLAD,BODY_SLAM,THUNDERCLAP,POMMEL_STRIKE,MOLTEN_FIST,POMMEL_STRIKE,PILLAGE,DEMON_FORM,BREAKTHROUGH,RAMPAGE,HEADBUTT,FEED,ARMAMENTS,SECOND_WIND,DEFEND_IRONCLAD,BREAKTHROUGH,JUGGLING,BURNING_PACT,STOMP,UNRELENTING,MOLTEN_FIST
  [cell] SludgeSpinnerWeak                bucket=Monster wins=4/4 (100%) outcomes=W/W/W/W avg_reward=+19.5
  [cell-deck] SludgeSpinnerWeak Monster STRIKE_IRONCLAD,STRIKE_IRONCLAD,STRIKE_IRONCLAD,STRIKE_IRONCLAD,DEFEND_IRONCLAD,BASH,CASCADE,POMMEL_STRIKE,SHRUG_IT_OFF,DARK_EMBRACE,TANK,THUNDERCLAP,TWIN_STRIKE,STOKE,HOWL_FROM_BEYOND,BARRICADE,ARMAMENTS,SHRUG_IT_OFF,ANGER,DISMANTLE,BODY_SLAM,TWIN_STRIKE,FIEND_FIRE,TEAR_ASUNDER,RAMPAGE,DISMANTLE
  [cell] ShrinkerBeetleWeak               bucket=Monster wins=4/4 (100%) outcomes=W/W/W/W avg_reward=+34.5
  [cell-deck] ShrinkerBeetleWeak Monster STRIKE_IRONCLAD,STRIKE_IRONCLAD,STRIKE_IRONCLAD,DEFEND_IRONCLAD,DEFEND_IRONCLAD,BODY_SLAM,PERFECTED_STRIKE,TREMBLE,BLOOD_WALL,BATTLE_TRANCE,COLOSSUS,CONFLAGRATION,STOKE,HAVOC,PERFECTED_STRIKE,BLOODLETTING,VICIOUS,TRUE_GRIT,ANGER,RUPTURE,BURNING_PACT,INFLAME,NOT_YET,RAGE,TEAR_ASUNDER,BURNING_PACT
  [cell] AxebotsNormal                    bucket=Monster wins=0/4 (  0%) outcomes=L/L/L/L avg_reward=+35.8
  [cell-deck] AxebotsNormal Monster STRIKE_IRONCLAD,STRIKE_IRONCLAD,DEFEND_IRONCLAD,DEFEND_IRONCLAD,DEFEND_IRONCLAD,DEFEND_IRONCLAD,DISMANTLE,POMMEL_STRIKE,INFERNO,IRON_WAVE,FEEL_NO_PAIN,DISMANTLE,MOLTEN_FIST,SHRUG_IT_OFF,BASH,STRIKE_IRONCLAD,BREAKTHROUGH,INFERNO,UNRELENTING,IRON_WAVE,THUNDERCLAP,HEADBUTT,ARMAMENTS,BODY_SLAM,IMPERVIOUS,ARMAMENTS
  [cell] NibbitsNormal                    bucket=Monster wins=4/4 (100%) outcomes=W/W/W/W avg_reward=+58.0
  [cell-deck] NibbitsNormal Monster STRIKE_IRONCLAD,STRIKE_IRONCLAD,STRIKE_IRONCLAD,DEFEND_IRONCLAD,BASH,BODY_SLAM,FEEL_NO_PAIN,BODY_SLAM,PILLAGE,IRON_WAVE,THUNDERCLAP,CASCADE,FEEL_NO_PAIN,BREAKTHROUGH,STAMPEDE,THUNDERCLAP,TWIN_STRIKE,BODY_SLAM,SHRUG_IT_OFF,BURNING_PACT,THUNDERCLAP,STRIKE_IRONCLAD,FIGHT_ME,FIGHT_ME,BLUDGEON,UNRELENTING
  [cell] NibbitsWeak                      bucket=Monster wins=4/4 (100%) outcomes=W/W/W/W avg_reward=+39.5
  [cell-deck] NibbitsWeak Monster STRIKE_IRONCLAD,STRIKE_IRONCLAD,STRIKE_IRONCLAD,STRIKE_IRONCLAD,STRIKE_IRONCLAD,DEFEND_IRONCLAD,HAVOC,POMMEL_STRIKE,CONFLAGRATION,STONE_ARMOR,TREMBLE,SHRUG_IT_OFF,BREAKTHROUGH,RUPTURE,RAGE,MANGLE,EVIL_EYE,CRUELTY,TREMBLE,STAMPEDE,PERFECTED_STRIKE,UNRELENTING,SECOND_WIND,HEMOKINESIS,DEFEND_IRONCLAD,SHRUG_IT_OFF,DEFEND_IRONCLAD
  [cell] SeapunkWeak                      bucket=Monster wins=4/4 (100%) outcomes=W/W/W/W avg_reward=+36.5
  [cell-deck] SeapunkWeak Monster STRIKE_IRONCLAD,STRIKE_IRONCLAD,DEFEND_IRONCLAD,DEFEND_IRONCLAD,BASH,BLUDGEON,BLOODLETTING,HAVOC,BODY_SLAM,UPPERCUT,INFERNO,BREAKTHROUGH,UPPERCUT,TWIN_STRIKE,TRUE_GRIT,POMMEL_STRIKE,THUNDERCLAP,FIEND_FIRE,HOWL_FROM_BEYOND,SETUP_STRIKE,IRON_WAVE,BLOOD_WALL,BREAKTHROUGH,BLOOD_WALL,HAVOC,SETUP_STRIKE
  [cell] FossilStalkerNormal              bucket=Monster wins=4/4 (100%) outcomes=W/W/W/W avg_reward=+39.0
  [cell-deck] FossilStalkerNormal Monster STRIKE_IRONCLAD,STRIKE_IRONCLAD,DEFEND_IRONCLAD,DEFEND_IRONCLAD,BASH,RUPTURE,UNRELENTING,TAUNT,AGGRESSION,BRAND,STRIKE_IRONCLAD,DEMONIC_SHIELD,RAGE,DEMON_FORM,UNRELENTING,THRASH,SETUP_STRIKE,FIEND_FIRE,PACTS_END,DOMINATE,STOKE,TWIN_STRIKE,CINDER,ARMAMENTS,BASH,TWIN_STRIKE
  [cell] PunchConstructNormal             bucket=Monster wins=4/4 (100%) outcomes=W/W/W/W avg_reward=+42.5
  [cell-deck] PunchConstructNormal Monster STRIKE_IRONCLAD,DEFEND_IRONCLAD,DEFEND_IRONCLAD,DEFEND_IRONCLAD,DEFEND_IRONCLAD,BASH,HAVOC,BULLY,TANK,IMPERVIOUS,CRUELTY,FIGHT_ME,BLOODLETTING,STOMP,UPPERCUT,RAGE,IRON_WAVE,COLOSSUS,RUPTURE,WHIRLWIND,HEMOKINESIS,BASH,PACTS_END,ONE_TWO_PUNCH,BLOODLETTING
  [cell] SewerClamNormal                  bucket=Monster wins=4/4 (100%) outcomes=W/W/W/W avg_reward=+48.0
  [cell-deck] SewerClamNormal Monster STRIKE_IRONCLAD,STRIKE_IRONCLAD,DEFEND_IRONCLAD,DEFEND_IRONCLAD,BASH,RUPTURE,SETUP_STRIKE,BLOODLETTING,IRON_WAVE,PERFECTED_STRIKE,HEADBUTT,CRUELTY,DEFEND_IRONCLAD,ASHEN_STRIKE,BLOODLETTING,PILLAGE,PYRE,PERFECTED_STRIKE,DRUM_OF_BATTLE,SWORD_BOOMERANG,HAVOC,COLOSSUS,ARMAMENTS,SPITE,EXPECT_A_FIGHT,RUPTURE
  [cell] FuzzyWurmCrawlerWeak             bucket=Monster wins=4/4 (100%) outcomes=W/W/W/W avg_reward=+52.8
  [cell-deck] FuzzyWurmCrawlerWeak Monster STRIKE_IRONCLAD,STRIKE_IRONCLAD,STRIKE_IRONCLAD,DEFEND_IRONCLAD,DEFEND_IRONCLAD,BASH,IRON_WAVE,BREAKTHROUGH,ONE_TWO_PUNCH,SHRUG_IT_OFF,STONE_ARMOR,SWORD_BOOMERANG,SHRUG_IT_OFF,SHRUG_IT_OFF,MOLTEN_FIST,HAVOC,RUPTURE,ANGER,POMMEL_STRIKE,CINDER,BULLY,NOT_YET,CRUELTY,TREMBLE,TWIN_STRIKE,BLOOD_WALL
  [cell] VineShamblerNormal               bucket=Monster wins=4/4 (100%) outcomes=W/W/W/W avg_reward=+45.3
  [cell-deck] VineShamblerNormal Monster STRIKE_IRONCLAD,STRIKE_IRONCLAD,STRIKE_IRONCLAD,DEFEND_IRONCLAD,DEFEND_IRONCLAD,RUPTURE,HEMOKINESIS,FIEND_FIRE,ASHEN_STRIKE,ASHEN_STRIKE,BASH,CINDER,THUNDERCLAP,STONE_ARMOR,DEFEND_IRONCLAD,FIGHT_ME,PERFECTED_STRIKE,SWORD_BOOMERANG,BASH,DRUM_OF_BATTLE,BLOOD_WALL,JUGGERNAUT,SWORD_BOOMERANG,HEMOKINESIS
[arm-start] cost_bias=-3 (planner-bias-sweep arm)
  [cell] InkletsNormal                    bucket=Monster wins=4/4 (100%) outcomes=W/W/W/W avg_reward=+27.3
  [cell-deck] InkletsNormal Monster STRIKE_IRONCLAD,STRIKE_IRONCLAD,STRIKE_IRONCLAD,DEFEND_IRONCLAD,BASH,MANGLE,HOWL_FROM_BEYOND,MANGLE,IRON_WAVE,STOMP,INFERNAL_BLADE,FEEL_NO_PAIN,STRIKE_IRONCLAD,STOMP,FORGOTTEN_RITUAL,IRON_WAVE,HOWL_FROM_BEYOND,DEMON_FORM,SECOND_WIND,HOWL_FROM_BEYOND,DEMON_FORM,INFERNO,THUNDERCLAP,RAMPAGE
  [cell] TwoTailedRatsNormal              bucket=Monster wins=4/4 (100%) outcomes=W/W/W/W avg_reward=+52.8
  [cell-deck] TwoTailedRatsNormal Monster STRIKE_IRONCLAD,STRIKE_IRONCLAD,DEFEND_IRONCLAD,DEFEND_IRONCLAD,DEFEND_IRONCLAD,BASH,PILLAGE,BLOOD_WALL,EXPECT_A_FIGHT,CINDER,STOMP,BARRICADE,STRIKE_IRONCLAD,TANK,BLUDGEON,BODY_SLAM,BARRICADE,UNRELENTING,HOWL_FROM_BEYOND,UNRELENTING,MANGLE,COLOSSUS,BLUDGEON,BULLY,STOMP,BLOOD_WALL,EVIL_EYE
  [cell] ToadpolesWeak                    bucket=Monster wins=4/4 (100%) outcomes=W/W/W/W avg_reward=+37.3
  [cell-deck] ToadpolesWeak Monster STRIKE_IRONCLAD,STRIKE_IRONCLAD,STRIKE_IRONCLAD,DEFEND_IRONCLAD,DEFEND_IRONCLAD,MANGLE,CINDER,TANK,BLOOD_WALL,CINDER,BLUDGEON,DOMINATE,HEADBUTT,INFERNO,MANGLE,DEMON_FORM,HEADBUTT,INFERNO,HEMOKINESIS,BARRICADE,WHIRLWIND,STRIKE_IRONCLAD,PYRE,FLAME_BARRIER
  [cell] CorpseSlugsNormal                bucket=Monster wins=4/4 (100%) outcomes=W/W/W/W avg_reward=+70.5
  [cell-deck] CorpseSlugsNormal Monster STRIKE_IRONCLAD,STRIKE_IRONCLAD,STRIKE_IRONCLAD,DEFEND_IRONCLAD,DEFEND_IRONCLAD,BLOODLETTING,BLUDGEON,HEADBUTT,CINDER,PYRE,AGGRESSION,ANGER,DRUM_OF_BATTLE,TWIN_STRIKE,INFERNAL_BLADE,PERFECTED_STRIKE,ONE_TWO_PUNCH,COLOSSUS,FIEND_FIRE,SECOND_WIND,BLUDGEON,DEFEND_IRONCLAD,FEEL_NO_PAIN,UNRELENTING,HOWL_FROM_BEYOND
  [cell] CorpseSlugsWeak                  bucket=Monster wins=4/4 (100%) outcomes=W/W/W/W avg_reward=+50.8
  [cell-deck] CorpseSlugsWeak Monster STRIKE_IRONCLAD,STRIKE_IRONCLAD,STRIKE_IRONCLAD,DEFEND_IRONCLAD,DEFEND_IRONCLAD,MANGLE,ARMAMENTS,BLOOD_WALL,HOWL_FROM_BEYOND,TWIN_STRIKE,DEFEND_IRONCLAD,HOWL_FROM_BEYOND,PERFECTED_STRIKE,DEFEND_IRONCLAD,BLUDGEON,BASH,MOLTEN_FIST,TANK,CONFLAGRATION,HOWL_FROM_BEYOND,ANGER,UPPERCUT,DARK_EMBRACE,DARK_EMBRACE,PERFECTED_STRIKE,BLUDGEON
  [cell] ExoskeletonsNormal               bucket=Monster wins=3/4 ( 75%) outcomes=W/W/L/W avg_reward=+24.0
  [cell-deck] ExoskeletonsNormal Monster STRIKE_IRONCLAD,STRIKE_IRONCLAD,DEFEND_IRONCLAD,DEFEND_IRONCLAD,DEFEND_IRONCLAD,BASH,HOWL_FROM_BEYOND,BLOODLETTING,TANK,RAGE,STAMPEDE,BLUDGEON,MANGLE,UPPERCUT,UPPERCUT,PERFECTED_STRIKE,PRIMAL_FORCE,FLAME_BARRIER,MANGLE,HOWL_FROM_BEYOND,BLUDGEON,CINDER,STOMP,MANGLE,BREAK
  [cell] ExoskeletonsWeak                 bucket=Monster wins=4/4 (100%) outcomes=W/W/W/W avg_reward=+46.3
  [cell-deck] ExoskeletonsWeak Monster STRIKE_IRONCLAD,STRIKE_IRONCLAD,DEFEND_IRONCLAD,DEFEND_IRONCLAD,BASH,MANGLE,SHRUG_IT_OFF,DOMINATE,BARRICADE,EVIL_EYE,TWIN_STRIKE,FLAME_BARRIER,CINDER,BASH,CRUELTY,STOMP,IRON_WAVE,BLOOD_WALL,ARMAMENTS,ARMAMENTS,PERFECTED_STRIKE,CINDER,BLOOD_WALL,ASHEN_STRIKE
  [cell] ScrollsOfBitingNormal            bucket=Monster wins=1/4 ( 25%) outcomes=L/L/L/W avg_reward=+43.8
  [cell-deck] ScrollsOfBitingNormal Monster STRIKE_IRONCLAD,STRIKE_IRONCLAD,STRIKE_IRONCLAD,DEFEND_IRONCLAD,BASH,BLUDGEON,MOLTEN_FIST,UNMOVABLE,BREAKTHROUGH,STOMP,RUPTURE,BATTLE_TRANCE,BLUDGEON,FIGHT_ME,CASCADE,BLUDGEON,SHRUG_IT_OFF,STOMP,UNMOVABLE,RAGE,STOMP,PRIMAL_FORCE,STOKE,HOWL_FROM_BEYOND
  [cell] ScrollsOfBitingWeak              bucket=Monster wins=4/4 (100%) outcomes=W/W/W/W avg_reward=+52.0
  [cell-deck] ScrollsOfBitingWeak Monster STRIKE_IRONCLAD,STRIKE_IRONCLAD,STRIKE_IRONCLAD,DEFEND_IRONCLAD,DEFEND_IRONCLAD,BASH,RAGE,MOLTEN_FIST,HOWL_FROM_BEYOND,INFLAME,HELLRAISER,BASH,BASH,INFLAME,HEADBUTT,STOMP,STOMP,HOWL_FROM_BEYOND,RAMPAGE,FLAME_BARRIER,STOMP,HEMOKINESIS,PERFECTED_STRIKE,DOMINATE,PILLAGE,SWORD_BOOMERANG
  [cell] SludgeSpinnerWeak                bucket=Monster wins=4/4 (100%) outcomes=W/W/W/W avg_reward=+30.5
  [cell-deck] SludgeSpinnerWeak Monster STRIKE_IRONCLAD,STRIKE_IRONCLAD,STRIKE_IRONCLAD,STRIKE_IRONCLAD,DEFEND_IRONCLAD,BLUDGEON,EXPECT_A_FIGHT,BREAK,RAMPAGE,CONFLAGRATION,DRUM_OF_BATTLE,BARRICADE,SHRUG_IT_OFF,BLUDGEON,FEED,TREMBLE,PRIMAL_FORCE,BARRICADE,PERFECTED_STRIKE,CASCADE,HOWL_FROM_BEYOND,ARMAMENTS,MANGLE,CASCADE
  [cell] ShrinkerBeetleWeak               bucket=Monster wins=4/4 (100%) outcomes=W/W/W/W avg_reward=+34.0
  [cell-deck] ShrinkerBeetleWeak Monster STRIKE_IRONCLAD,STRIKE_IRONCLAD,DEFEND_IRONCLAD,DEFEND_IRONCLAD,DEFEND_IRONCLAD,BASH,STOMP,MANGLE,CINDER,STOMP,AGGRESSION,HOWL_FROM_BEYOND,PERFECTED_STRIKE,HOWL_FROM_BEYOND,BASH,INFERNAL_BLADE,UPPERCUT,DARK_EMBRACE,PERFECTED_STRIKE,PACTS_END,IMPERVIOUS,AGGRESSION,DEMONIC_SHIELD,PACTS_END,HOWL_FROM_BEYOND,JUGGLING,EXPECT_A_FIGHT
  [cell] AxebotsNormal                    bucket=Monster wins=0/4 (  0%) outcomes=L/L/L/L avg_reward=+73.8
  [cell-deck] AxebotsNormal Monster STRIKE_IRONCLAD,STRIKE_IRONCLAD,DEFEND_IRONCLAD,DEFEND_IRONCLAD,BASH,BLUDGEON,BLOODLETTING,FIEND_FIRE,BLUDGEON,UNRELENTING,HOWL_FROM_BEYOND,BLUDGEON,UPPERCUT,TRUE_GRIT,TREMBLE,NOT_YET,SWORD_BOOMERANG,DRUM_OF_BATTLE,HELLRAISER,PRIMAL_FORCE,HOWL_FROM_BEYOND,BLOOD_WALL,BODY_SLAM,BLOOD_WALL,FIEND_FIRE,PYRE
  [cell] NibbitsNormal                    bucket=Monster wins=4/4 (100%) outcomes=W/W/W/W avg_reward=+68.3
  [cell-deck] NibbitsNormal Monster STRIKE_IRONCLAD,STRIKE_IRONCLAD,DEFEND_IRONCLAD,DEFEND_IRONCLAD,DEFEND_IRONCLAD,BASH,HOWL_FROM_BEYOND,NOT_YET,AGGRESSION,BARRICADE,FIGHT_ME,BLUDGEON,STOMP,OFFERING,CINDER,DARK_EMBRACE,HOWL_FROM_BEYOND,ASHEN_STRIKE,STOMP,WHIRLWIND,DEMON_FORM,HEADBUTT,DISMANTLE,SETUP_STRIKE,BATTLE_TRANCE
  [cell] NibbitsWeak                      bucket=Monster wins=4/4 (100%) outcomes=W/W/W/W avg_reward=+32.8
  [cell-deck] NibbitsWeak Monster STRIKE_IRONCLAD,STRIKE_IRONCLAD,STRIKE_IRONCLAD,DEFEND_IRONCLAD,DEFEND_IRONCLAD,BLUDGEON,SWORD_BOOMERANG,PERFECTED_STRIKE,PERFECTED_STRIKE,FEED,BLOODLETTING,BLUDGEON,INFLAME,PERFECTED_STRIKE,BASH,FEED,STOMP,MANGLE,BREAKTHROUGH,BULLY,BODY_SLAM,FEEL_NO_PAIN,WHIRLWIND,STOMP
  [cell] SeapunkWeak                      bucket=Monster wins=4/4 (100%) outcomes=W/W/W/W avg_reward=+33.3
  [cell-deck] SeapunkWeak Monster STRIKE_IRONCLAD,STRIKE_IRONCLAD,STRIKE_IRONCLAD,DEFEND_IRONCLAD,DEFEND_IRONCLAD,DEFEND_IRONCLAD,MANGLE,MOLTEN_FIST,SECOND_WIND,DEFEND_IRONCLAD,UNMOVABLE,MANGLE,FIGHT_ME,MANGLE,STRIKE_IRONCLAD,BASH,PACTS_END,STAMPEDE,STOKE,BREAKTHROUGH,BASH,UPPERCUT,ASHEN_STRIKE,BASH,TAUNT,BLUDGEON
  [cell] FossilStalkerNormal              bucket=Monster wins=4/4 (100%) outcomes=W/W/W/W avg_reward=+42.8
  [cell-deck] FossilStalkerNormal Monster STRIKE_IRONCLAD,STRIKE_IRONCLAD,STRIKE_IRONCLAD,STRIKE_IRONCLAD,DEFEND_IRONCLAD,DEFEND_IRONCLAD,FIGHT_ME,BLOOD_WALL,PACTS_END,BLOOD_WALL,HOWL_FROM_BEYOND,BLOOD_WALL,CINDER,MANGLE,DRUM_OF_BATTLE,FLAME_BARRIER,BLUDGEON,CONFLAGRATION,BLOOD_WALL,HOWL_FROM_BEYOND,SETUP_STRIKE,STOMP,STOKE,DEMON_FORM,FLAME_BARRIER,BATTLE_TRANCE
  [cell] PunchConstructNormal             bucket=Monster wins=4/4 (100%) outcomes=W/W/W/W avg_reward=+46.5
  [cell-deck] PunchConstructNormal Monster STRIKE_IRONCLAD,STRIKE_IRONCLAD,STRIKE_IRONCLAD,DEFEND_IRONCLAD,BASH,JUGGERNAUT,HOWL_FROM_BEYOND,PYRE,STAMPEDE,DEMON_FORM,INFERNAL_BLADE,BASH,PERFECTED_STRIKE,STOMP,RAGE,PACTS_END,BATTLE_TRANCE,BLUDGEON,MANGLE,JUGGLING,MANGLE,UPPERCUT,DEMONIC_SHIELD,FLAME_BARRIER,HEMOKINESIS,SECOND_WIND
  [cell] SewerClamNormal                  bucket=Monster wins=4/4 (100%) outcomes=W/W/W/W avg_reward=+43.0
  [cell-deck] SewerClamNormal Monster STRIKE_IRONCLAD,STRIKE_IRONCLAD,STRIKE_IRONCLAD,DEFEND_IRONCLAD,DEFEND_IRONCLAD,DEFEND_IRONCLAD,HOWL_FROM_BEYOND,BATTLE_TRANCE,FIEND_FIRE,DISMANTLE,BASH,HOWL_FROM_BEYOND,STRIKE_IRONCLAD,INFERNO,UPPERCUT,BRAND,DEFEND_IRONCLAD,BARRICADE,BASH,SETUP_STRIKE,HOWL_FROM_BEYOND,DEMONIC_SHIELD,HAVOC,MOLTEN_FIST,CINDER,STOMP,MANGLE
  [cell] FuzzyWurmCrawlerWeak             bucket=Monster wins=4/4 (100%) outcomes=W/W/W/W avg_reward=+48.3
  [cell-deck] FuzzyWurmCrawlerWeak Monster STRIKE_IRONCLAD,STRIKE_IRONCLAD,DEFEND_IRONCLAD,DEFEND_IRONCLAD,DEFEND_IRONCLAD,JUGGERNAUT,CRIMSON_MANTLE,WHIRLWIND,DEMON_FORM,SETUP_STRIKE,BLUDGEON,BARRICADE,CINDER,INFLAME,TAUNT,FIGHT_ME,BARRICADE,DRUM_OF_BATTLE,DISMANTLE,BLOOD_WALL,CRIMSON_MANTLE,CONFLAGRATION,BLUDGEON,BLUDGEON
  [cell] VineShamblerNormal               bucket=Monster wins=4/4 (100%) outcomes=W/W/W/W avg_reward=+38.8
  [cell-deck] VineShamblerNormal Monster STRIKE_IRONCLAD,STRIKE_IRONCLAD,STRIKE_IRONCLAD,STRIKE_IRONCLAD,DEFEND_IRONCLAD,BASH,BREAKTHROUGH,BLOOD_WALL,BLUDGEON,INFLAME,HELLRAISER,BURNING_PACT,AGGRESSION,PERFECTED_STRIKE,BLUDGEON,UNMOVABLE,STOMP,SETUP_STRIKE,BULLY,BASH,CRIMSON_MANTLE,STOMP,HELLRAISER,PYRE,STOMP
  [cell] HauntedShipNormal                bucket=Monster wins=4/4 (100%) outcomes=W/W/W/W avg_reward=+52.8
  [cell-deck] HauntedShipNormal Monster STRIKE_IRONCLAD,DEFEND_IRONCLAD,DEFEND_IRONCLAD,DEFEND_IRONCLAD,BASH,JUGGLING,BARRICADE,BRAND,RAMPAGE,FLAME_BARRIER,DEFEND_IRONCLAD,BLUDGEON,HEADBUTT,DEMON_FORM,FIEND_FIRE,BLUDGEON,BRAND,PERFECTED_STRIKE,BLUDGEON,IRON_WAVE,DARK_EMBRACE,EVIL_EYE,RAMPAGE,ARMAMENTS,TREMBLE,BURNING_PACT
  [cell] ChompersNormal                   bucket=Monster wins=4/4 (100%) outcomes=W/W/W/W avg_reward=+92.8
  [cell-deck] ChompersNormal Monster STRIKE_IRONCLAD,STRIKE_IRONCLAD,STRIKE_IRONCLAD,STRIKE_IRONCLAD,DEFEND_IRONCLAD,DEFEND_IRONCLAD,DEMON_FORM,BLOOD_WALL,THRASH,STOMP,ANGER,PACTS_END,MANGLE,OFFERING,SHRUG_IT_OFF,PERFECTED_STRIKE,WHIRLWIND,HOWL_FROM_BEYOND,BLUDGEON,DARK_EMBRACE,ASHEN_STRIKE,DEMON_FORM,BLUDGEON,BARRICADE,NOT_YET
  [cell] CubexConstructNormal             bucket=Monster wins=4/4 (100%) outcomes=W/W/W/W avg_reward=+45.3
  [cell-deck] CubexConstructNormal Monster STRIKE_IRONCLAD,STRIKE_IRONCLAD,DEFEND_IRONCLAD,DEFEND_IRONCLAD,BASH,JUGGLING,STAMPEDE,HAVOC,CINDER,TANK,TWIN_STRIKE,BLOODLETTING,BASH,BASH,INFLAME,TEAR_ASUNDER,BLUDGEON,TREMBLE,TAUNT,BATTLE_TRANCE,UPPERCUT,PERFECTED_STRIKE,HOWL_FROM_BEYOND,RAGE,BRAND,WHIRLWIND
  [cell] MytesNormal                      bucket=Monster wins=4/4 (100%) outcomes=W/W/W/W avg_reward=+99.3
  [cell-deck] MytesNormal Monster STRIKE_IRONCLAD,STRIKE_IRONCLAD,STRIKE_IRONCLAD,DEFEND_IRONCLAD,DEFEND_IRONCLAD,BASH,ANGER,BLOOD_WALL,OFFERING,BARRICADE,FIGHT_ME,DEMONIC_SHIELD,RUPTURE,SHRUG_IT_OFF,UPPERCUT,FLAME_BARRIER,HOWL_FROM_BEYOND,CINDER,DEMON_FORM,MOLTEN_FIST,STOMP,STOMP,BLUDGEON,BLOODLETTING,BURNING_PACT,BURNING_PACT
  [cell] MawlerNormal                     bucket=Monster wins=4/4 (100%) outcomes=W/W/W/W avg_reward=+52.3
  [cell-deck] MawlerNormal Monster STRIKE_IRONCLAD,DEFEND_IRONCLAD,DEFEND_IRONCLAD,DEFEND_IRONCLAD,BASH,MANGLE,HOWL_FROM_BEYOND,PERFECTED_STRIKE,PERFECTED_STRIKE,INFLAME,BASH,CINDER,CINDER,STOMP,BLOOD_WALL,MANGLE,DARK_EMBRACE,CINDER,PERFECTED_STRIKE,INFERNAL_BLADE,VICIOUS,SPITE,BLUDGEON,JUGGERNAUT,DOMINATE
  [cell] ThievingHopperWeak               bucket=Monster wins=4/4 (100%) outcomes=W/W/W/W avg_reward=+24.5
  [cell-deck] ThievingHopperWeak Monster STRIKE_IRONCLAD,STRIKE_IRONCLAD,STRIKE_IRONCLAD,STRIKE_IRONCLAD,DEFEND_IRONCLAD,DEFEND_IRONCLAD,BLOOD_WALL,BLOOD_WALL,FEED,DARK_EMBRACE,UNRELENTING,STAMPEDE,DRUM_OF_BATTLE,PYRE,INFLAME,BODY_SLAM,PERFECTED_STRIKE,ANGER,CONFLAGRATION,STOMP,INFERNAL_BLADE,DEFEND_IRONCLAD,STOMP,FIGHT_ME,BARRICADE,UNMOVABLE,HOWL_FROM_BEYOND
  [cell] FogmogNormal                     bucket=Monster wins=4/4 (100%) outcomes=W/W/W/W avg_reward=+79.0
  [cell-deck] FogmogNormal Monster STRIKE_IRONCLAD,STRIKE_IRONCLAD,STRIKE_IRONCLAD,DEFEND_IRONCLAD,DEFEND_IRONCLAD,MANGLE,CONFLAGRATION,TWIN_STRIKE,BREAKTHROUGH,ANGER,PERFECTED_STRIKE,BREAK,STRIKE_IRONCLAD,INFERNO,CINDER,EVIL_EYE,CINDER,HEADBUTT,FIGHT_ME,BASH,NOT_YET,BASH,TWIN_STRIKE,DARK_EMBRACE,NOT_YET,HELLRAISER
  [cell] GremlinMercNormal                bucket=Monster wins=4/4 (100%) outcomes=W/W/W/W avg_reward=+30.3
  [cell-deck] GremlinMercNormal Monster STRIKE_IRONCLAD,STRIKE_IRONCLAD,STRIKE_IRONCLAD,DEFEND_IRONCLAD,DEFEND_IRONCLAD,DEFEND_IRONCLAD,STOMP,BLOOD_WALL,BLUDGEON,HOWL_FROM_BEYOND,DRUM_OF_BATTLE,HELLRAISER,HOWL_FROM_BEYOND,STOMP,SHRUG_IT_OFF,TWIN_STRIKE,BODY_SLAM,PYRE,FLAME_BARRIER,BLUDGEON,DEMONIC_SHIELD,STAMPEDE,STOMP,HOWL_FROM_BEYOND,MANGLE
  [cell] SnappingJaxfruitNormal           bucket=Monster wins=4/4 (100%) outcomes=W/W/W/W avg_reward=+58.5
  [cell-deck] SnappingJaxfruitNormal Monster STRIKE_IRONCLAD,STRIKE_IRONCLAD,STRIKE_IRONCLAD,DEFEND_IRONCLAD,DEFEND_IRONCLAD,MANGLE,ASHEN_STRIKE,BLUDGEON,MOLTEN_FIST,PERFECTED_STRIKE,STOMP,DEMON_FORM,BASH,DEFEND_IRONCLAD,SPITE,BLOOD_WALL,FIEND_FIRE,STAMPEDE,BULLY,HOWL_FROM_BEYOND,ONE_TWO_PUNCH,BLUDGEON,HOWL_FROM_BEYOND,BLUDGEON,STOKE
  [cell] LivingFogNormal                  bucket=Monster wins=4/4 (100%) outcomes=W/W/W/W avg_reward=+71.3
  [cell-deck] LivingFogNormal Monster STRIKE_IRONCLAD,STRIKE_IRONCLAD,STRIKE_IRONCLAD,DEFEND_IRONCLAD,DEFEND_IRONCLAD,BASH,THRASH,BLOOD_WALL,TEAR_ASUNDER,STAMPEDE,TAUNT,THRASH,BLOODLETTING,STOMP,DRUM_OF_BATTLE,PERFECTED_STRIKE,DISMANTLE,HEMOKINESIS,EXPECT_A_FIGHT,FEED,BATTLE_TRANCE,CRUELTY,HOWL_FROM_BEYOND,STOMP,FIGHT_ME
  [cell] SeapunkNormal                    bucket=Monster wins=4/4 (100%) outcomes=W/W/W/W avg_reward=+67.3
  [cell-deck] SeapunkNormal Monster STRIKE_IRONCLAD,STRIKE_IRONCLAD,STRIKE_IRONCLAD,DEFEND_IRONCLAD,DEFEND_IRONCLAD,MANGLE,SPITE,FIEND_FIRE,BLUDGEON,BLUDGEON,FLAME_BARRIER,CRIMSON_MANTLE,PERFECTED_STRIKE,BASH,TRUE_GRIT,STONE_ARMOR,DOMINATE,ASHEN_STRIKE,UNRELENTING,BARRICADE,DEMON_FORM,HEADBUTT,DEMON_FORM,SWORD_BOOMERANG,BASH
  [cell] TunnelerWeak                     bucket=Monster wins=4/4 (100%) outcomes=W/W/W/W avg_reward=+61.3
  [cell-deck] TunnelerWeak Monster STRIKE_IRONCLAD,STRIKE_IRONCLAD,STRIKE_IRONCLAD,DEFEND_IRONCLAD,BASH,BASH,PERFECTED_STRIKE,BODY_SLAM,RUPTURE,MANGLE,CINDER,CONFLAGRATION,BLUDGEON,FORGOTTEN_RITUAL,FIGHT_ME,DOMINATE,PERFECTED_STRIKE,DEMON_FORM,MOLTEN_FIST,THUNDERCLAP,BLOOD_WALL,RAMPAGE,SWORD_BOOMERANG,STOKE
  [cell] SlimesNormal                     bucket=Monster wins=4/4 (100%) outcomes=W/W/W/W avg_reward=+71.3
  [cell-deck] SlimesNormal Monster STRIKE_IRONCLAD,STRIKE_IRONCLAD,DEFEND_IRONCLAD,DEFEND_IRONCLAD,DEFEND_IRONCLAD,BASH,STOMP,INFERNO,INFERNAL_BLADE,STOMP,ANGER,STOMP,INFERNO,SETUP_STRIKE,HEADBUTT,STOMP,ANGER,RUPTURE,ONE_TWO_PUNCH,UNRELENTING,HOWL_FROM_BEYOND,PERFECTED_STRIKE,TREMBLE,EXPECT_A_FIGHT,STAMPEDE,BLUDGEON,RAGE
  [cell] SlimesWeak                       bucket=Monster wins=4/4 (100%) outcomes=W/W/W/W avg_reward=+37.3
  [cell-deck] SlimesWeak Monster STRIKE_IRONCLAD,STRIKE_IRONCLAD,STRIKE_IRONCLAD,STRIKE_IRONCLAD,DEFEND_IRONCLAD,BASH,FIGHT_ME,FORGOTTEN_RITUAL,CINDER,BARRICADE,STRIKE_IRONCLAD,CASCADE,SPITE,BREAK,JUGGERNAUT,BLOODLETTING,MOLTEN_FIST,INFERNO,DOMINATE,FIGHT_ME,SECOND_WIND,BARRICADE,PERFECTED_STRIKE,HOWL_FROM_BEYOND,STONE_ARMOR
  [cell] CultistsNormal                   bucket=Monster wins=4/4 (100%) outcomes=W/W/W/W avg_reward=+80.5
  [cell-deck] CultistsNormal Monster STRIKE_IRONCLAD,STRIKE_IRONCLAD,STRIKE_IRONCLAD,DEFEND_IRONCLAD,DEFEND_IRONCLAD,BASH,THRASH,INFERNAL_BLADE,DEFEND_IRONCLAD,BATTLE_TRANCE,HOWL_FROM_BEYOND,COLOSSUS,BLUDGEON,PYRE,BASH,IRON_WAVE,BLUDGEON,HOWL_FROM_BEYOND,MANGLE,BLUDGEON,BURNING_PACT,BLUDGEON,JUGGERNAUT,PERFECTED_STRIKE,IRON_WAVE,STONE_ARMOR,ANGER
  [cell] TurretOperatorWeak               bucket=Monster wins=3/4 ( 75%) outcomes=W/W/L/W avg_reward=+40.8
  [cell-deck] TurretOperatorWeak Monster STRIKE_IRONCLAD,STRIKE_IRONCLAD,DEFEND_IRONCLAD,DEFEND_IRONCLAD,BASH,BASH,BLUDGEON,PERFECTED_STRIKE,PERFECTED_STRIKE,RAMPAGE,AGGRESSION,DOMINATE,UPPERCUT,UNRELENTING,BLOOD_WALL,STOMP,STAMPEDE,TANK,BLUDGEON,TEAR_ASUNDER,SHRUG_IT_OFF,BLUDGEON,CINDER,DRUM_OF_BATTLE
  [cell] OvergrowthCrawlers               bucket=Monster wins=4/4 (100%) outcomes=W/W/W/W avg_reward=+54.5
  [cell-deck] OvergrowthCrawlers Monster STRIKE_IRONCLAD,STRIKE_IRONCLAD,STRIKE_IRONCLAD,DEFEND_IRONCLAD,DEFEND_IRONCLAD,BASH,MANGLE,INFLAME,BARRICADE,DARK_EMBRACE,UNRELENTING,UNRELENTING,DEFEND_IRONCLAD,STOMP,CINDER,DEMON_FORM,PERFECTED_STRIKE,BULLY,SHRUG_IT_OFF,HOWL_FROM_BEYOND,BARRICADE,ONE_TWO_PUNCH,MANGLE,STAMPEDE,BLUDGEON
  [cell] BowlbugsNormal                   bucket=Monster wins=4/4 (100%) outcomes=W/W/W/W avg_reward=+55.3
  [cell-deck] BowlbugsNormal Monster STRIKE_IRONCLAD,STRIKE_IRONCLAD,DEFEND_IRONCLAD,DEFEND_IRONCLAD,BASH,BASH,TRUE_GRIT,TRUE_GRIT,BREAKTHROUGH,BLUDGEON,MANGLE,DEMON_FORM,INFLAME,PILLAGE,CINDER,MANGLE,RAMPAGE,BLOOD_WALL,TAUNT,FEEL_NO_PAIN,FIGHT_ME,FLAME_BARRIER,BASH,BASH
  [cell] BowlbugsWeak                     bucket=Monster wins=4/4 (100%) outcomes=W/W/W/W avg_reward=+29.0
  [cell-deck] BowlbugsWeak Monster STRIKE_IRONCLAD,STRIKE_IRONCLAD,DEFEND_IRONCLAD,DEFEND_IRONCLAD,DEFEND_IRONCLAD,DEFEND_IRONCLAD,POMMEL_STRIKE,INFERNO,STOMP,INFERNO,HELLRAISER,EXPECT_A_FIGHT,TWIN_STRIKE,STOKE,STRIKE_IRONCLAD,BASH,STOMP,VICIOUS,PRIMAL_FORCE,PYRE,SHRUG_IT_OFF,BLUDGEON,CINDER,BATTLE_TRANCE,UPPERCUT,FLAME_BARRIER
  [cell] FlyconidNormal                   bucket=Monster wins=4/4 (100%) outcomes=W/W/W/W avg_reward=+56.8
  [cell-deck] FlyconidNormal Monster STRIKE_IRONCLAD,STRIKE_IRONCLAD,STRIKE_IRONCLAD,DEFEND_IRONCLAD,DEFEND_IRONCLAD,BASH,PERFECTED_STRIKE,BLUDGEON,MOLTEN_FIST,STOMP,SECOND_WIND,FLAME_BARRIER,SHRUG_IT_OFF,FLAME_BARRIER,STAMPEDE,DEMON_FORM,TEAR_ASUNDER,FLAME_BARRIER,PERFECTED_STRIKE,SWORD_BOOMERANG,FLAME_BARRIER,HOWL_FROM_BEYOND,PACTS_END,TWIN_STRIKE,HAVOC,FIEND_FIRE
  [cell] SpinyToadNormal                  bucket=Monster wins=4/4 (100%) outcomes=W/W/W/W avg_reward=+79.0
  [cell-deck] SpinyToadNormal Monster STRIKE_IRONCLAD,STRIKE_IRONCLAD,STRIKE_IRONCLAD,STRIKE_IRONCLAD,DEFEND_IRONCLAD,BASH,EXPECT_A_FIGHT,IRON_WAVE,IMPERVIOUS,SPITE,TEAR_ASUNDER,BASH,BASH,TREMBLE,BASH,STOMP,DRUM_OF_BATTLE,PILLAGE,STRIKE_IRONCLAD,BARRICADE,INFERNO,MOLTEN_FIST,COLOSSUS,BLUDGEON,INFERNO,CRUELTY,MANGLE
  [cell] ConstructMenagerieNormal         bucket=Monster wins=0/4 (  0%) outcomes=L/L/L/L avg_reward=+41.3
  [cell-deck] ConstructMenagerieNormal Monster STRIKE_IRONCLAD,STRIKE_IRONCLAD,STRIKE_IRONCLAD,DEFEND_IRONCLAD,BASH,BASH,FIGHT_ME,FEEL_NO_PAIN,BLUDGEON,CRUELTY,DRUM_OF_BATTLE,FEED,DRUM_OF_BATTLE,BRAND,UNMOVABLE,BASH,STOMP,PACTS_END,FIGHT_ME,EXPECT_A_FIGHT,BLOOD_WALL,STOMP,HEADBUTT,ONE_TWO_PUNCH,RUPTURE,BLUDGEON
  [cell] HunterKillerNormal               bucket=Monster wins=0/4 (  0%) outcomes=L/L/L/L avg_reward=-37.3
  [cell-deck] HunterKillerNormal Monster STRIKE_IRONCLAD,STRIKE_IRONCLAD,STRIKE_IRONCLAD,DEFEND_IRONCLAD,DEFEND_IRONCLAD,DEFEND_IRONCLAD,HOWL_FROM_BEYOND,INFLAME,DARK_EMBRACE,BARRICADE,FIGHT_ME,HOWL_FROM_BEYOND,PERFECTED_STRIKE,SWORD_BOOMERANG,PERFECTED_STRIKE,INFLAME,HOWL_FROM_BEYOND,HAVOC,STOMP,COLOSSUS,CRUELTY,BLUDGEON,TWIN_STRIKE,HEMOKINESIS,DOMINATE,ARMAMENTS,TANK
  [cell] TheObscuraNormal                 bucket=Monster wins=0/4 (  0%) outcomes=L/L/L/L avg_reward=+66.3
  [cell-deck] TheObscuraNormal Monster STRIKE_IRONCLAD,STRIKE_IRONCLAD,DEFEND_IRONCLAD,DEFEND_IRONCLAD,BASH,BATTLE_TRANCE,BLUDGEON,MANGLE,IRON_WAVE,VICIOUS,HOWL_FROM_BEYOND,HOWL_FROM_BEYOND,INFLAME,UNMOVABLE,HEADBUTT,STOMP,ANGER,VICIOUS,BURNING_PACT,STONE_ARMOR,BLOOD_WALL,TRUE_GRIT,BARRICADE,HOWL_FROM_BEYOND,TEAR_ASUNDER
  [cell] RubyRaidersNormal                bucket=Monster wins=4/4 (100%) outcomes=W/W/W/W avg_reward=+54.8
  [cell-deck] RubyRaidersNormal Monster STRIKE_IRONCLAD,STRIKE_IRONCLAD,STRIKE_IRONCLAD,STRIKE_IRONCLAD,DEFEND_IRONCLAD,BASH,BLUDGEON,IRON_WAVE,BARRICADE,CINDER,STOMP,BRAND,STOMP,ANGER,STRIKE_IRONCLAD,DEMON_FORM,BARRICADE,BLUDGEON,VICIOUS,JUGGLING,BLOOD_WALL,MANGLE,UNRELENTING,IRON_WAVE,UNRELENTING
  [cell] LouseProgenitorNormal            bucket=Monster wins=4/4 (100%) outcomes=W/W/W/W avg_reward=+98.3
  [cell-deck] LouseProgenitorNormal Monster STRIKE_IRONCLAD,DEFEND_IRONCLAD,DEFEND_IRONCLAD,DEFEND_IRONCLAD,BASH,BASH,THUNDERCLAP,SWORD_BOOMERANG,BLOOD_WALL,FIGHT_ME,BLOODLETTING,HEMOKINESIS,BLUDGEON,PILLAGE,MOLTEN_FIST,INFERNO,UNRELENTING,BREAK,UNRELENTING,DRUM_OF_BATTLE,STAMPEDE,BURNING_PACT,STOMP,BURNING_PACT,BLUDGEON,ONE_TWO_PUNCH
  [cell] GlobeHeadNormal                  bucket=Monster wins=3/4 ( 75%) outcomes=L/W/W/W avg_reward=+74.5
  [cell-deck] GlobeHeadNormal Monster STRIKE_IRONCLAD,STRIKE_IRONCLAD,STRIKE_IRONCLAD,DEFEND_IRONCLAD,DEFEND_IRONCLAD,BASH,CRIMSON_MANTLE,IRON_WAVE,STOKE,HOWL_FROM_BEYOND,DRUM_OF_BATTLE,NOT_YET,FLAME_BARRIER,UNRELENTING,HEADBUTT,BASH,BREAK,UNMOVABLE,TRUE_GRIT,STOMP,STOMP,BLOODLETTING,MANGLE,SWORD_BOOMERANG,SETUP_STRIKE,JUGGERNAUT
  [cell] OvicopterNormal                  bucket=Monster wins=4/4 (100%) outcomes=W/W/W/W avg_reward=+91.8
  [cell-deck] OvicopterNormal Monster STRIKE_IRONCLAD,STRIKE_IRONCLAD,STRIKE_IRONCLAD,DEFEND_IRONCLAD,DEFEND_IRONCLAD,DEFEND_IRONCLAD,BATTLE_TRANCE,BARRICADE,PILLAGE,CRUELTY,UNRELENTING,BLOODLETTING,CINDER,UNRELENTING,UPPERCUT,HAVOC,PILLAGE,FLAME_BARRIER,CINDER,BLUDGEON,HOWL_FROM_BEYOND,WHIRLWIND,EXPECT_A_FIGHT,BLUDGEON,DEFEND_IRONCLAD,HOWL_FROM_BEYOND
  [cell] DevotedSculptorWeak              bucket=Monster wins=2/4 ( 50%) outcomes=L/W/W/L avg_reward=+77.8
  [cell-deck] DevotedSculptorWeak Monster STRIKE_IRONCLAD,STRIKE_IRONCLAD,STRIKE_IRONCLAD,STRIKE_IRONCLAD,DEFEND_IRONCLAD,HOWL_FROM_BEYOND,IRON_WAVE,TREMBLE,BREAKTHROUGH,DEMON_FORM,INFERNO,FLAME_BARRIER,COLOSSUS,STOMP,CONFLAGRATION,STOMP,BULLY,SECOND_WIND,DRUM_OF_BATTLE,RUPTURE,BULLY,STOKE,BREAK,STONE_ARMOR,UPPERCUT
  [cell] SlitheringStranglerNormal        bucket=Monster wins=4/4 (100%) outcomes=W/W/W/W avg_reward=+47.5
  [cell-deck] SlitheringStranglerNormal Monster STRIKE_IRONCLAD,STRIKE_IRONCLAD,STRIKE_IRONCLAD,DEFEND_IRONCLAD,DEFEND_IRONCLAD,BASH,BODY_SLAM,BARRICADE,FORGOTTEN_RITUAL,INFERNAL_BLADE,HEMOKINESIS,INFERNAL_BLADE,SWORD_BOOMERANG,THUNDERCLAP,INFLAME,BREAKTHROUGH,STOMP,BRAND,BRAND,DRUM_OF_BATTLE,CASCADE,HOWL_FROM_BEYOND,BARRICADE,FORGOTTEN_RITUAL,BLOOD_WALL,BULLY,BLOOD_WALL
  [cell] SlumberingBeetleNormal           bucket=Monster wins=0/4 (  0%) outcomes=L/L/L/L avg_reward=+6.5
  [cell-deck] SlumberingBeetleNormal Monster STRIKE_IRONCLAD,DEFEND_IRONCLAD,DEFEND_IRONCLAD,DEFEND_IRONCLAD,DEFEND_IRONCLAD,HOWL_FROM_BEYOND,DEMON_FORM,BLUDGEON,RUPTURE,STAMPEDE,BLUDGEON,EXPECT_A_FIGHT,STRIKE_IRONCLAD,JUGGERNAUT,FLAME_BARRIER,IRON_WAVE,BLUDGEON,VICIOUS,BLOOD_WALL,CINDER,SWORD_BOOMERANG,BLOOD_WALL,ARMAMENTS,INFLAME,CINDER,PERFECTED_STRIKE
  [cell] FrogKnightNormal                 bucket=Monster wins=0/4 (  0%) outcomes=L/L/L/L avg_reward=+14.5
  [cell-deck] FrogKnightNormal Monster STRIKE_IRONCLAD,STRIKE_IRONCLAD,STRIKE_IRONCLAD,DEFEND_IRONCLAD,DEFEND_IRONCLAD,DEFEND_IRONCLAD,SWORD_BOOMERANG,BARRICADE,BRAND,SHRUG_IT_OFF,TEAR_ASUNDER,CINDER,AGGRESSION,BARRICADE,SPITE,UNRELENTING,EVIL_EYE,TREMBLE,DISMANTLE,PERFECTED_STRIKE,BARRICADE,UPPERCUT,BASH,HOWL_FROM_BEYOND,PILLAGE
  [cell] TheLostAndForgottenNormal        bucket=Monster wins=1/4 ( 25%) outcomes=L/W/L/L avg_reward=+52.8
  [cell-deck] TheLostAndForgottenNormal Monster STRIKE_IRONCLAD,STRIKE_IRONCLAD,DEFEND_IRONCLAD,DEFEND_IRONCLAD,BASH,HOWL_FROM_BEYOND,BASH,FEED,BLUDGEON,HAVOC,DEFEND_IRONCLAD,HOWL_FROM_BEYOND,BASH,DEMON_FORM,UNRELENTING,DARK_EMBRACE,DEMON_FORM,DARK_EMBRACE,TEAR_ASUNDER,RAGE,TAUNT,BRAND,MANGLE,FIGHT_ME,FEEL_NO_PAIN
  [cell] OwlMagistrateNormal              bucket=Monster wins=0/4 (  0%) outcomes=L/L/L/L avg_reward=+6.8
  [cell-deck] OwlMagistrateNormal Monster STRIKE_IRONCLAD,STRIKE_IRONCLAD,STRIKE_IRONCLAD,DEFEND_IRONCLAD,DEFEND_IRONCLAD,BASH,VICIOUS,BARRICADE,UNRELENTING,BARRICADE,FIGHT_ME,PERFECTED_STRIKE,MANGLE,AGGRESSION,DRUM_OF_BATTLE,POMMEL_STRIKE,HOWL_FROM_BEYOND,PERFECTED_STRIKE,DARK_EMBRACE,THUNDERCLAP,SPITE,HEMOKINESIS,RAGE,STOMP,HOWL_FROM_BEYOND,STAMPEDE
  [cell] FabricatorNormal                 bucket=Monster wins=4/4 (100%) outcomes=W/W/W/W avg_reward=+127.8
  [cell-deck] FabricatorNormal Monster STRIKE_IRONCLAD,STRIKE_IRONCLAD,DEFEND_IRONCLAD,DEFEND_IRONCLAD,DEFEND_IRONCLAD,HOWL_FROM_BEYOND,STOMP,PACTS_END,PERFECTED_STRIKE,TEAR_ASUNDER,TWIN_STRIKE,HELLRAISER,PERFECTED_STRIKE,BATTLE_TRANCE,BLOOD_WALL,BASH,COLOSSUS,HOWL_FROM_BEYOND,NOT_YET,CASCADE,INFERNAL_BLADE,HOWL_FROM_BEYOND,FEEL_NO_PAIN,BLUDGEON,PERFECTED_STRIKE
  [cell] SlimedBerserkerNormal            bucket=Monster wins=0/4 (  0%) outcomes=L/L/L/L avg_reward=+57.8
  [cell-deck] SlimedBerserkerNormal Monster STRIKE_IRONCLAD,STRIKE_IRONCLAD,STRIKE_IRONCLAD,DEFEND_IRONCLAD,BASH,BARRICADE,PERFECTED_STRIKE,CINDER,STOMP,DOMINATE,SECOND_WIND,BLOOD_WALL,INFLAME,FORGOTTEN_RITUAL,BASH,FEED,HEADBUTT,CASCADE,INFERNO,UNRELENTING,RUPTURE,UNMOVABLE,BLOOD_WALL,OFFERING,POMMEL_STRIKE,HOWL_FROM_BEYOND
  [cell] PhantasmalGardenersElite         bucket=Elite   wins=4/4 (100%) outcomes=W/W/W/W avg_reward=+60.8
  [cell-deck] PhantasmalGardenersElite Elite STRIKE_IRONCLAD,STRIKE_IRONCLAD,DEFEND_IRONCLAD,DEFEND_IRONCLAD,DEFEND_IRONCLAD,BASH,BULLY,IMPERVIOUS,INFERNO,SWORD_BOOMERANG,BLOOD_WALL,JUGGERNAUT,BASH,JUGGLING,STRIKE_IRONCLAD,STOMP,NOT_YET,STAMPEDE,FLAME_BARRIER,STOMP,FLAME_BARRIER,POMMEL_STRIKE,INFLAME,JUGGLING,AGGRESSION,ANGER,STOMP
  [cell] SkulkingColonyElite              bucket=Elite   wins=4/4 (100%) outcomes=W/W/W/W avg_reward=+19.8
  [cell-deck] SkulkingColonyElite Elite STRIKE_IRONCLAD,STRIKE_IRONCLAD,DEFEND_IRONCLAD,DEFEND_IRONCLAD,DEFEND_IRONCLAD,BASH,SPITE,BARRICADE,FLAME_BARRIER,HOWL_FROM_BEYOND,DRUM_OF_BATTLE,STOMP,DRUM_OF_BATTLE,BASH,BLUDGEON,BREAK,BULLY,BLUDGEON,FIEND_FIRE,HEADBUTT,DARK_EMBRACE,HAVOC,FEED,CINDER,TAUNT,DOMINATE,WHIRLWIND
  [cell] ByrdonisElite                    bucket=Elite   wins=4/4 (100%) outcomes=W/W/W/W avg_reward=+37.3
  [cell-deck] ByrdonisElite Elite STRIKE_IRONCLAD,STRIKE_IRONCLAD,STRIKE_IRONCLAD,STRIKE_IRONCLAD,DEFEND_IRONCLAD,HOWL_FROM_BEYOND,DEMON_FORM,BLUDGEON,NOT_YET,BARRICADE,PERFECTED_STRIKE,INFERNAL_BLADE,HEADBUTT,IRON_WAVE,STOMP,HOWL_FROM_BEYOND,EXPECT_A_FIGHT,BASH,BLUDGEON,BULLY,CASCADE,TAUNT,STOKE,PYRE
  [cell] PhrogParasiteElite               bucket=Elite   wins=4/4 (100%) outcomes=W/W/W/W avg_reward=+104.3
  [cell-deck] PhrogParasiteElite Elite STRIKE_IRONCLAD,STRIKE_IRONCLAD,DEFEND_IRONCLAD,DEFEND_IRONCLAD,DEFEND_IRONCLAD,BASH,BLUDGEON,PYRE,STOKE,HOWL_FROM_BEYOND,HOWL_FROM_BEYOND,BRAND,DRUM_OF_BATTLE,UNRELENTING,RUPTURE,TANK,INFLAME,STAMPEDE,BLOOD_WALL,TWIN_STRIKE,FIEND_FIRE,DEMON_FORM,HEMOKINESIS,BULLY,BLUDGEON
  [cell] BygoneEffigyElite                bucket=Elite   wins=3/4 ( 75%) outcomes=L/W/W/W avg_reward=+65.5
  [cell-deck] BygoneEffigyElite Elite STRIKE_IRONCLAD,STRIKE_IRONCLAD,DEFEND_IRONCLAD,DEFEND_IRONCLAD,DEFEND_IRONCLAD,BASH,ARMAMENTS,INFERNAL_BLADE,BASH,DEMONIC_SHIELD,BASH,POMMEL_STRIKE,STOMP,PERFECTED_STRIKE,PERFECTED_STRIKE,DEMON_FORM,DEMON_FORM,CINDER,IMPERVIOUS,FEED,UPPERCUT,PERFECTED_STRIKE,CINDER,WHIRLWIND,EXPECT_A_FIGHT
  [cell] DecimillipedeElite               bucket=Elite   wins=0/4 (  0%) outcomes=L/L/L/L avg_reward=+11.3
  [cell-deck] DecimillipedeElite Elite STRIKE_IRONCLAD,STRIKE_IRONCLAD,STRIKE_IRONCLAD,DEFEND_IRONCLAD,DEFEND_IRONCLAD,BASH,TWIN_STRIKE,VICIOUS,DEMON_FORM,TRUE_GRIT,BLOODLETTING,BLUDGEON,UPPERCUT,POMMEL_STRIKE,TEAR_ASUNDER,NOT_YET,HOWL_FROM_BEYOND,ARMAMENTS,STOMP,FLAME_BARRIER,BASH,NOT_YET,CRIMSON_MANTLE,TWIN_STRIKE,FIGHT_ME
  [cell] TerrorEelElite                   bucket=Elite   wins=4/4 (100%) outcomes=W/W/W/W avg_reward=+91.5
  [cell-deck] TerrorEelElite Elite STRIKE_IRONCLAD,STRIKE_IRONCLAD,STRIKE_IRONCLAD,DEFEND_IRONCLAD,DEFEND_IRONCLAD,BASH,BLOOD_WALL,IMPERVIOUS,STOMP,MANGLE,JUGGERNAUT,BLUDGEON,FLAME_BARRIER,NOT_YET,COLOSSUS,BASH,HEMOKINESIS,ASHEN_STRIKE,HOWL_FROM_BEYOND,MANGLE,PILLAGE,BRAND,THRASH,CRIMSON_MANTLE,BODY_SLAM,CRUELTY
  [cell] EntomancerElite                  bucket=Elite   wins=1/4 ( 25%) outcomes=L/L/W/L avg_reward=+53.3
  [cell-deck] EntomancerElite Elite STRIKE_IRONCLAD,STRIKE_IRONCLAD,DEFEND_IRONCLAD,DEFEND_IRONCLAD,DEFEND_IRONCLAD,ARMAMENTS,PYRE,EXPECT_A_FIGHT,BLUDGEON,MOLTEN_FIST,CINDER,MOLTEN_FIST,SPITE,HEADBUTT,UPPERCUT,HOWL_FROM_BEYOND,STOMP,UNMOVABLE,EVIL_EYE,BASH,PERFECTED_STRIKE,INFERNAL_BLADE,RAMPAGE,BREAKTHROUGH,BASH,MOLTEN_FIST
  [cell] InfestedPrismsElite              bucket=Elite   wins=3/4 ( 75%) outcomes=W/W/W/L avg_reward=+124.5
  [cell-deck] InfestedPrismsElite Elite STRIKE_IRONCLAD,STRIKE_IRONCLAD,STRIKE_IRONCLAD,DEFEND_IRONCLAD,DEFEND_IRONCLAD,DEFEND_IRONCLAD,HEADBUTT,HOWL_FROM_BEYOND,MANGLE,BARRICADE,FIGHT_ME,STOMP,INFERNO,BLOOD_WALL,BASH,STOMP,IMPERVIOUS,TEAR_ASUNDER,STAMPEDE,INFERNAL_BLADE,CINDER,STOMP,HOWL_FROM_BEYOND,BREAK,NOT_YET,INFLAME,BREAKTHROUGH
  [cell] SoulNexusElite                   bucket=Elite   wins=0/4 (  0%) outcomes=L/L/L/L avg_reward=-37.3
  [cell-deck] SoulNexusElite Elite STRIKE_IRONCLAD,STRIKE_IRONCLAD,STRIKE_IRONCLAD,STRIKE_IRONCLAD,DEFEND_IRONCLAD,ANGER,HELLRAISER,ONE_TWO_PUNCH,PERFECTED_STRIKE,BASH,SWORD_BOOMERANG,JUGGERNAUT,DRUM_OF_BATTLE,BULLY,BLUDGEON,CONFLAGRATION,SHRUG_IT_OFF,BLUDGEON,BLOOD_WALL,INFLAME,DEMONIC_SHIELD,STONE_ARMOR,HOWL_FROM_BEYOND,TRUE_GRIT
  [cell] KnightsElite                     bucket=Elite   wins=0/4 (  0%) outcomes=L/L/L/L avg_reward=-8.5
  [cell-deck] KnightsElite Elite STRIKE_IRONCLAD,STRIKE_IRONCLAD,STRIKE_IRONCLAD,STRIKE_IRONCLAD,DEFEND_IRONCLAD,DEFEND_IRONCLAD,INFLAME,HOWL_FROM_BEYOND,DEMONIC_SHIELD,CRIMSON_MANTLE,UNRELENTING,CRIMSON_MANTLE,BLUDGEON,BASH,PERFECTED_STRIKE,JUGGLING,PRIMAL_FORCE,PACTS_END,RAMPAGE,STAMPEDE,VICIOUS,DEMON_FORM,BLUDGEON,HOWL_FROM_BEYOND,FLAME_BARRIER,CONFLAGRATION,HOWL_FROM_BEYOND
  [cell] MechaKnightElite                 bucket=Elite   wins=0/4 (  0%) outcomes=L/L/L/L avg_reward=+106.8
  [cell-deck] MechaKnightElite Elite STRIKE_IRONCLAD,STRIKE_IRONCLAD,DEFEND_IRONCLAD,DEFEND_IRONCLAD,DEFEND_IRONCLAD,BASH,POMMEL_STRIKE,ASHEN_STRIKE,BREAKTHROUGH,STRIKE_IRONCLAD,BLOOD_WALL,SECOND_WIND,AGGRESSION,PRIMAL_FORCE,INFLAME,UPPERCUT,ONE_TWO_PUNCH,ANGER,TREMBLE,HOWL_FROM_BEYOND,THRASH,BARRICADE,DOMINATE,UNRELENTING,BLUDGEON
  [cell] TestSubjectBoss                  bucket=Boss    wins=0/4 (  0%) outcomes=L/L/L/L avg_reward=-23.8
  [cell-deck] TestSubjectBoss Boss STRIKE_IRONCLAD,DEFEND_IRONCLAD,DEFEND_IRONCLAD,DEFEND_IRONCLAD,BASH,HOWL_FROM_BEYOND,BLOOD_WALL,HOWL_FROM_BEYOND,EVIL_EYE,UPPERCUT,DEFEND_IRONCLAD,BODY_SLAM,STRIKE_IRONCLAD,DEMON_FORM,CASCADE,EXPECT_A_FIGHT,TEAR_ASUNDER,BLOOD_WALL,STAMPEDE,STOMP,BODY_SLAM,MANGLE,BARRICADE,BLUDGEON
  [cell] VantomBoss                       bucket=Boss    wins=1/4 ( 25%) outcomes=W/L/L/L avg_reward=+68.8
  [cell-deck] VantomBoss Boss STRIKE_IRONCLAD,STRIKE_IRONCLAD,STRIKE_IRONCLAD,DEFEND_IRONCLAD,DEFEND_IRONCLAD,BASH,STOMP,ARMAMENTS,UPPERCUT,BLUDGEON,NOT_YET,BODY_SLAM,MANGLE,PERFECTED_STRIKE,BLUDGEON,PRIMAL_FORCE,STOMP,SETUP_STRIKE,STRIKE_IRONCLAD,PYRE,OFFERING,INFERNAL_BLADE,ASHEN_STRIKE,CINDER,TWIN_STRIKE,HOWL_FROM_BEYOND
  [cell] SoulFyshBoss                     bucket=Boss    wins=4/4 (100%) outcomes=W/W/W/W avg_reward=+172.5
  [cell-deck] SoulFyshBoss Boss STRIKE_IRONCLAD,STRIKE_IRONCLAD,STRIKE_IRONCLAD,DEFEND_IRONCLAD,BASH,HOWL_FROM_BEYOND,STOMP,SHRUG_IT_OFF,TEAR_ASUNDER,FEEL_NO_PAIN,TWIN_STRIKE,BLUDGEON,HEADBUTT,BLOOD_WALL,EXPECT_A_FIGHT,BLUDGEON,STOMP,DEMON_FORM,HOWL_FROM_BEYOND,DEFEND_IRONCLAD,STOMP,THRASH,STOMP,STOMP,TRUE_GRIT
  [cell] LagavulinMatriarchBoss           bucket=Boss    wins=2/4 ( 50%) outcomes=L/W/W/L avg_reward=+119.3
  [cell-deck] LagavulinMatriarchBoss Boss STRIKE_IRONCLAD,STRIKE_IRONCLAD,STRIKE_IRONCLAD,STRIKE_IRONCLAD,DEFEND_IRONCLAD,BASH,HOWL_FROM_BEYOND,BARRICADE,PRIMAL_FORCE,DEMON_FORM,BASH,SWORD_BOOMERANG,SECOND_WIND,STOKE,DRUM_OF_BATTLE,HAVOC,DEMON_FORM,HEMOKINESIS,BARRICADE,BARRICADE,FLAME_BARRIER,BARRICADE,BARRICADE,DISMANTLE,HOWL_FROM_BEYOND,DISMANTLE
  [cell] WaterfallGiantBoss               bucket=Boss    wins=1/4 ( 25%) outcomes=L/L/L/W avg_reward=+173.0
  [cell-deck] WaterfallGiantBoss Boss STRIKE_IRONCLAD,STRIKE_IRONCLAD,STRIKE_IRONCLAD,DEFEND_IRONCLAD,DEFEND_IRONCLAD,HOWL_FROM_BEYOND,JUGGERNAUT,UPPERCUT,DEMON_FORM,BLOOD_WALL,BASH,COLOSSUS,PERFECTED_STRIKE,STOMP,THUNDERCLAP,STONE_ARMOR,ANGER,ONE_TWO_PUNCH,DEFEND_IRONCLAD,STAMPEDE,STRIKE_IRONCLAD,ANGER,FIGHT_ME,PRIMAL_FORCE
  [cell] TheKinBoss                       bucket=Boss    wins=0/4 (  0%) outcomes=L/L/L/L avg_reward=+73.5
  [cell-deck] TheKinBoss Boss STRIKE_IRONCLAD,STRIKE_IRONCLAD,STRIKE_IRONCLAD,DEFEND_IRONCLAD,DEFEND_IRONCLAD,DEFEND_IRONCLAD,MANGLE,ASHEN_STRIKE,HEADBUTT,MANGLE,JUGGERNAUT,DEFEND_IRONCLAD,EVIL_EYE,SECOND_WIND,UPPERCUT,BREAKTHROUGH,HOWL_FROM_BEYOND,CINDER,VICIOUS,CINDER,BLUDGEON,HOWL_FROM_BEYOND,PILLAGE,ONE_TWO_PUNCH,DEMON_FORM,BASH,BURNING_PACT
  [cell] CeremonialBeastBoss              bucket=Boss    wins=0/4 (  0%) outcomes=L/L/L/L avg_reward=-17.0
  [cell-deck] CeremonialBeastBoss Boss STRIKE_IRONCLAD,STRIKE_IRONCLAD,STRIKE_IRONCLAD,DEFEND_IRONCLAD,DEFEND_IRONCLAD,HOWL_FROM_BEYOND,DEMON_FORM,CASCADE,STOMP,HOWL_FROM_BEYOND,PERFECTED_STRIKE,BURNING_PACT,COLOSSUS,JUGGERNAUT,BASH,MANGLE,UNRELENTING,TANK,BARRICADE,CRUELTY,HOWL_FROM_BEYOND,DARK_EMBRACE,BURNING_PACT,FIGHT_ME
  [cell] TheInsatiableBoss                bucket=Boss    wins=0/4 (  0%) outcomes=L/L/L/L avg_reward=+54.5
  [cell-deck] TheInsatiableBoss Boss STRIKE_IRONCLAD,STRIKE_IRONCLAD,STRIKE_IRONCLAD,STRIKE_IRONCLAD,DEFEND_IRONCLAD,DEFEND_IRONCLAD,CRUELTY,BARRICADE,BREAK,STOMP,ANGER,AGGRESSION,HOWL_FROM_BEYOND,STRIKE_IRONCLAD,BLUDGEON,UNRELENTING,ASHEN_STRIKE,UNRELENTING,BLUDGEON,JUGGLING,UPPERCUT,ARMAMENTS,PRIMAL_FORCE,SECOND_WIND,THUNDERCLAP
  [cell] KnowledgeDemonBoss               bucket=Boss    wins=1/4 ( 25%) outcomes=W/L/L/L avg_reward=+202.8
  [cell-deck] KnowledgeDemonBoss Boss STRIKE_IRONCLAD,STRIKE_IRONCLAD,DEFEND_IRONCLAD,DEFEND_IRONCLAD,BASH,HOWL_FROM_BEYOND,BASH,FORGOTTEN_RITUAL,CINDER,BREAKTHROUGH,STOMP,DISMANTLE,HEADBUTT,DEMON_FORM,JUGGLING,DEMON_FORM,BLOOD_WALL,BREAK,STOMP,SHRUG_IT_OFF,HOWL_FROM_BEYOND,FEED,STOMP,CRIMSON_MANTLE,HOWL_FROM_BEYOND,FLAME_BARRIER
  [cell] KaiserCrabBoss                   bucket=Boss    wins=0/4 (  0%) outcomes=L/L/L/L avg_reward=+10.3
  [cell-deck] KaiserCrabBoss Boss STRIKE_IRONCLAD,STRIKE_IRONCLAD,STRIKE_IRONCLAD,STRIKE_IRONCLAD,DEFEND_IRONCLAD,DEFEND_IRONCLAD,FEED,BARRICADE,UNRELENTING,BASH,HOWL_FROM_BEYOND,FLAME_BARRIER,BLOODLETTING,STOMP,SPITE,PRIMAL_FORCE,BLUDGEON,PYRE,BATTLE_TRANCE,STOMP,POMMEL_STRIKE,HOWL_FROM_BEYOND,DRUM_OF_BATTLE,BARRICADE,PYRE,OFFERING
  [cell] DoormakerBoss                    bucket=Boss    wins=0/4 (  0%) outcomes=L/L/L/L avg_reward=-7.3
  [cell-deck] DoormakerBoss Boss STRIKE_IRONCLAD,STRIKE_IRONCLAD,DEFEND_IRONCLAD,DEFEND_IRONCLAD,DEFEND_IRONCLAD,HOWL_FROM_BEYOND,STOMP,PRIMAL_FORCE,STOKE,ONE_TWO_PUNCH,FLAME_BARRIER,DEFEND_IRONCLAD,BASH,BATTLE_TRANCE,SETUP_STRIKE,BLOOD_WALL,BASH,FIGHT_ME,INFLAME,COLOSSUS,BREAK,PILLAGE,MANGLE,ANGER,STOMP,BREAK
  [cell] QueenBoss                        bucket=Boss    wins=0/4 (  0%) outcomes=L/L/L/L avg_reward=-43.5
  [cell-deck] QueenBoss Boss STRIKE_IRONCLAD,STRIKE_IRONCLAD,STRIKE_IRONCLAD,STRIKE_IRONCLAD,DEFEND_IRONCLAD,VICIOUS,RUPTURE,HOWL_FROM_BEYOND,EVIL_EYE,BLUDGEON,CINDER,DARK_EMBRACE,INFLAME,HELLRAISER,CINDER,MANGLE,EXPECT_A_FIGHT,SECOND_WIND,CINDER,BLUDGEON,VICIOUS,UPPERCUT,BLUDGEON,TREMBLE,DEMON_FORM,PYRE
  [cell] InkletsNormal                    bucket=Monster wins=4/4 (100%) outcomes=W/W/W/W avg_reward=+21.5
  [cell-deck] InkletsNormal Monster STRIKE_IRONCLAD,STRIKE_IRONCLAD,STRIKE_IRONCLAD,DEFEND_IRONCLAD,DEFEND_IRONCLAD,BASH,DARK_EMBRACE,HEMOKINESIS,MANGLE,BLOODLETTING,NOT_YET,DISMANTLE,INFERNO,STAMPEDE,STRIKE_IRONCLAD,STOMP,STOMP,VICIOUS,DISMANTLE,DOMINATE,BLOOD_WALL,TAUNT,STOMP,MANGLE,BASH,CONFLAGRATION,HAVOC
  [cell] TwoTailedRatsNormal              bucket=Monster wins=4/4 (100%) outcomes=W/W/W/W avg_reward=+47.3
  [cell-deck] TwoTailedRatsNormal Monster STRIKE_IRONCLAD,STRIKE_IRONCLAD,STRIKE_IRONCLAD,DEFEND_IRONCLAD,DEFEND_IRONCLAD,VICIOUS,HOWL_FROM_BEYOND,SETUP_STRIKE,THRASH,IRON_WAVE,SWORD_BOOMERANG,CINDER,BLUDGEON,BURNING_PACT,FEEL_NO_PAIN,DOMINATE,DEMON_FORM,UPPERCUT,WHIRLWIND,OFFERING,NOT_YET,COLOSSUS,UPPERCUT,NOT_YET,JUGGLING,HEMOKINESIS
  [cell] ToadpolesWeak                    bucket=Monster wins=4/4 (100%) outcomes=W/W/W/W avg_reward=+27.5
  [cell-deck] ToadpolesWeak Monster STRIKE_IRONCLAD,STRIKE_IRONCLAD,STRIKE_IRONCLAD,STRIKE_IRONCLAD,DEFEND_IRONCLAD,BASH,FEEL_NO_PAIN,HELLRAISER,DRUM_OF_BATTLE,EXPECT_A_FIGHT,BLUDGEON,STOKE,BODY_SLAM,RUPTURE,HEADBUTT,MANGLE,WHIRLWIND,RUPTURE,DARK_EMBRACE,JUGGERNAUT,STOMP,FEEL_NO_PAIN,HELLRAISER,TREMBLE,SWORD_BOOMERANG,WHIRLWIND,RAMPAGE
  [cell] CorpseSlugsNormal                bucket=Monster wins=4/4 (100%) outcomes=W/W/W/W avg_reward=+52.0
  [cell-deck] CorpseSlugsNormal Monster STRIKE_IRONCLAD,STRIKE_IRONCLAD,STRIKE_IRONCLAD,STRIKE_IRONCLAD,BASH,WHIRLWIND,CASCADE,UPPERCUT,DEMON_FORM,CINDER,AGGRESSION,EXPECT_A_FIGHT,DRUM_OF_BATTLE,UPPERCUT,TRUE_GRIT,BASH,HOWL_FROM_BEYOND,DARK_EMBRACE,STAMPEDE,BLOODLETTING,ONE_TWO_PUNCH,DOMINATE,INFERNO,HOWL_FROM_BEYOND,SETUP_STRIKE
  [cell] CorpseSlugsWeak                  bucket=Monster wins=4/4 (100%) outcomes=W/W/W/W avg_reward=+51.8
  [cell-deck] CorpseSlugsWeak Monster STRIKE_IRONCLAD,STRIKE_IRONCLAD,STRIKE_IRONCLAD,DEFEND_IRONCLAD,DEFEND_IRONCLAD,DEFEND_IRONCLAD,BLOOD_WALL,HOWL_FROM_BEYOND,BLOOD_WALL,MANGLE,JUGGERNAUT,HEMOKINESIS,DEFEND_IRONCLAD,STRIKE_IRONCLAD,PERFECTED_STRIKE,DEMONIC_SHIELD,HOWL_FROM_BEYOND,HAVOC,HEADBUTT,THUNDERCLAP,ONE_TWO_PUNCH,SWORD_BOOMERANG,HOWL_FROM_BEYOND,ASHEN_STRIKE,HEADBUTT
  [cell] ExoskeletonsNormal               bucket=Monster wins=4/4 (100%) outcomes=W/W/W/W avg_reward=+24.8
  [cell-deck] ExoskeletonsNormal Monster STRIKE_IRONCLAD,STRIKE_IRONCLAD,DEFEND_IRONCLAD,DEFEND_IRONCLAD,DEFEND_IRONCLAD,WHIRLWIND,WHIRLWIND,BURNING_PACT,STOMP,PILLAGE,MANGLE,DEMONIC_SHIELD,UPPERCUT,PYRE,BATTLE_TRANCE,STOMP,FLAME_BARRIER,HOWL_FROM_BEYOND,HOWL_FROM_BEYOND,MOLTEN_FIST,DEMON_FORM,PERFECTED_STRIKE,DRUM_OF_BATTLE,BREAK,BARRICADE
  [cell] ExoskeletonsWeak                 bucket=Monster wins=4/4 (100%) outcomes=W/W/W/W avg_reward=+61.0
  [cell-deck] ExoskeletonsWeak Monster STRIKE_IRONCLAD,STRIKE_IRONCLAD,STRIKE_IRONCLAD,DEFEND_IRONCLAD,DEFEND_IRONCLAD,BASH,BRAND,HEMOKINESIS,STONE_ARMOR,STONE_ARMOR,BLOOD_WALL,THUNDERCLAP,TWIN_STRIKE,STOMP,COLOSSUS,BLOOD_WALL,PERFECTED_STRIKE,BULLY,FEEL_NO_PAIN,BLUDGEON,EXPECT_A_FIGHT,EXPECT_A_FIGHT,BLUDGEON,DEMON_FORM,CINDER,INFERNO
  [cell] ScrollsOfBitingNormal            bucket=Monster wins=0/4 (  0%) outcomes=L/L/L/L avg_reward=+2.0
  [cell-deck] ScrollsOfBitingNormal Monster STRIKE_IRONCLAD,STRIKE_IRONCLAD,STRIKE_IRONCLAD,DEFEND_IRONCLAD,DEFEND_IRONCLAD,AGGRESSION,RAGE,FLAME_BARRIER,COLOSSUS,EXPECT_A_FIGHT,SECOND_WIND,HEADBUTT,BLUDGEON,HELLRAISER,MANGLE,INFERNO,MANGLE,STOMP,DEMON_FORM,BLOOD_WALL,DEMON_FORM,SHRUG_IT_OFF,UNRELENTING,BASH,BODY_SLAM
  [cell] ScrollsOfBitingWeak              bucket=Monster wins=3/4 ( 75%) outcomes=L/W/W/W avg_reward=+42.5
  [cell-deck] ScrollsOfBitingWeak Monster STRIKE_IRONCLAD,STRIKE_IRONCLAD,STRIKE_IRONCLAD,DEFEND_IRONCLAD,DEFEND_IRONCLAD,BASH,TANK,HOWL_FROM_BEYOND,MANGLE,BASH,HOWL_FROM_BEYOND,MANGLE,BASH,UNMOVABLE,HEADBUTT,STOMP,BODY_SLAM,UNMOVABLE,INFLAME,HAVOC,BLUDGEON,STOMP,BLUDGEON,FIEND_FIRE,STOMP,FIGHT_ME,DEMON_FORM
  [cell] SludgeSpinnerWeak                bucket=Monster wins=4/4 (100%) outcomes=W/W/W/W avg_reward=+26.5
  [cell-deck] SludgeSpinnerWeak Monster STRIKE_IRONCLAD,STRIKE_IRONCLAD,STRIKE_IRONCLAD,DEFEND_IRONCLAD,DEFEND_IRONCLAD,WHIRLWIND,HEMOKINESIS,POMMEL_STRIKE,STOKE,STOMP,EVIL_EYE,FIGHT_ME,SPITE,BULLY,SPITE,DEMON_FORM,IMPERVIOUS,BASH,BARRICADE,MANGLE,AGGRESSION,BASH,SETUP_STRIKE,STAMPEDE,HELLRAISER
  [cell] ShrinkerBeetleWeak               bucket=Monster wins=4/4 (100%) outcomes=W/W/W/W avg_reward=+33.5
  [cell-deck] ShrinkerBeetleWeak Monster STRIKE_IRONCLAD,DEFEND_IRONCLAD,DEFEND_IRONCLAD,DEFEND_IRONCLAD,DEFEND_IRONCLAD,BASH,WHIRLWIND,HOWL_FROM_BEYOND,DOMINATE,DEMON_FORM,BASH,BARRICADE,PERFECTED_STRIKE,THRASH,BASH,JUGGLING,DEMONIC_SHIELD,PILLAGE,HOWL_FROM_BEYOND,PERFECTED_STRIKE,THUNDERCLAP,DRUM_OF_BATTLE,STOMP,PRIMAL_FORCE,PACTS_END,BLUDGEON,MANGLE
  [cell] AxebotsNormal                    bucket=Monster wins=0/4 (  0%) outcomes=L/L/L/L avg_reward=+72.3
  [cell-deck] AxebotsNormal Monster STRIKE_IRONCLAD,DEFEND_IRONCLAD,DEFEND_IRONCLAD,DEFEND_IRONCLAD,BASH,ANGER,BURNING_PACT,THUNDERCLAP,BULLY,HOWL_FROM_BEYOND,HOWL_FROM_BEYOND,IMPERVIOUS,UPPERCUT,UPPERCUT,CRIMSON_MANTLE,BARRICADE,POMMEL_STRIKE,FEED,STOMP,BATTLE_TRANCE,ANGER,BLUDGEON,DEMONIC_SHIELD,NOT_YET
  [cell] NibbitsNormal                    bucket=Monster wins=4/4 (100%) outcomes=W/W/W/W avg_reward=+59.0
  [cell-deck] NibbitsNormal Monster STRIKE_IRONCLAD,STRIKE_IRONCLAD,STRIKE_IRONCLAD,DEFEND_IRONCLAD,DEFEND_IRONCLAD,DEFEND_IRONCLAD,PERFECTED_STRIKE,HOWL_FROM_BEYOND,BLOOD_WALL,IMPERVIOUS,HEMOKINESIS,RAGE,STOMP,BARRICADE,COLOSSUS,DEMONIC_SHIELD,STRIKE_IRONCLAD,FIGHT_ME,PERFECTED_STRIKE,ARMAMENTS,PRIMAL_FORCE,STOMP,STOMP,STOMP,CINDER
  [cell] NibbitsWeak                      bucket=Monster wins=4/4 (100%) outcomes=W/W/W/W avg_reward=+34.3
  [cell-deck] NibbitsWeak Monster STRIKE_IRONCLAD,STRIKE_IRONCLAD,DEFEND_IRONCLAD,DEFEND_IRONCLAD,BASH,AGGRESSION,VICIOUS,BLUDGEON,RUPTURE,UNMOVABLE,BLOODLETTING,HOWL_FROM_BEYOND,INFLAME,PYRE,FORGOTTEN_RITUAL,STOMP,ONE_TWO_PUNCH,MANGLE,IRON_WAVE,JUGGLING,PERFECTED_STRIKE,HAVOC,BLUDGEON,DISMANTLE
  [cell] SeapunkWeak                      bucket=Monster wins=4/4 (100%) outcomes=W/W/W/W avg_reward=+32.0
  [cell-deck] SeapunkWeak Monster STRIKE_IRONCLAD,STRIKE_IRONCLAD,DEFEND_IRONCLAD,DEFEND_IRONCLAD,DEFEND_IRONCLAD,DEFEND_IRONCLAD,STAMPEDE,HOWL_FROM_BEYOND,STOMP,STOMP,ANGER,BLUDGEON,FLAME_BARRIER,WHIRLWIND,STRIKE_IRONCLAD,BLOOD_WALL,BARRICADE,BLUDGEON,MANGLE,CASCADE,FORGOTTEN_RITUAL,DEMONIC_SHIELD,HOWL_FROM_BEYOND,BLOOD_WALL,BASH,PRIMAL_FORCE
  [cell] FossilStalkerNormal              bucket=Monster wins=4/4 (100%) outcomes=W/W/W/W avg_reward=+45.8
  [cell-deck] FossilStalkerNormal Monster STRIKE_IRONCLAD,STRIKE_IRONCLAD,STRIKE_IRONCLAD,STRIKE_IRONCLAD,DEFEND_IRONCLAD,BASH,IRON_WAVE,UNRELENTING,SHRUG_IT_OFF,JUGGLING,JUGGERNAUT,OFFERING,CINDER,VICIOUS,DRUM_OF_BATTLE,HEMOKINESIS,HOWL_FROM_BEYOND,PERFECTED_STRIKE,UNRELENTING,INFERNAL_BLADE,BLOODLETTING,BREAKTHROUGH,COLOSSUS,EVIL_EYE,MANGLE,MOLTEN_FIST
  [cell] PunchConstructNormal             bucket=Monster wins=4/4 (100%) outcomes=W/W/W/W avg_reward=+36.5
  [cell-deck] PunchConstructNormal Monster STRIKE_IRONCLAD,STRIKE_IRONCLAD,STRIKE_IRONCLAD,DEFEND_IRONCLAD,DEFEND_IRONCLAD,FORGOTTEN_RITUAL,NOT_YET,BULLY,STOMP,STONE_ARMOR,INFERNO,HAVOC,PERFECTED_STRIKE,STOMP,BLOOD_WALL,BASH,TREMBLE,BLUDGEON,AGGRESSION,UPPERCUT,BLOOD_WALL,BARRICADE,HOWL_FROM_BEYOND,WHIRLWIND
  [cell] SewerClamNormal                  bucket=Monster wins=4/4 (100%) outcomes=W/W/W/W avg_reward=+44.3
  [cell-deck] SewerClamNormal Monster STRIKE_IRONCLAD,STRIKE_IRONCLAD,DEFEND_IRONCLAD,DEFEND_IRONCLAD,DEFEND_IRONCLAD,DEFEND_IRONCLAD,PERFECTED_STRIKE,UNRELENTING,HOWL_FROM_BEYOND,STOMP,BLOOD_WALL,BATTLE_TRANCE,SWORD_BOOMERANG,UNMOVABLE,UPPERCUT,CASCADE,PERFECTED_STRIKE,FLAME_BARRIER,TAUNT,STAMPEDE,STONE_ARMOR,PYRE,TWIN_STRIKE,PERFECTED_STRIKE,FEEL_NO_PAIN,DEMONIC_SHIELD,STOMP
  [cell] FuzzyWurmCrawlerWeak             bucket=Monster wins=4/4 (100%) outcomes=W/W/W/W avg_reward=+52.5
  [cell-deck] FuzzyWurmCrawlerWeak Monster STRIKE_IRONCLAD,STRIKE_IRONCLAD,DEFEND_IRONCLAD,DEFEND_IRONCLAD,DEFEND_IRONCLAD,FORGOTTEN_RITUAL,EXPECT_A_FIGHT,HOWL_FROM_BEYOND,EVIL_EYE,DARK_EMBRACE,BODY_SLAM,FIGHT_ME,COLOSSUS,MANGLE,CINDER,STOMP,STRIKE_IRONCLAD,EXPECT_A_FIGHT,RAGE,HEMOKINESIS,SHRUG_IT_OFF,DEMON_FORM,DEFEND_IRONCLAD,PILLAGE
  [cell] VineShamblerNormal               bucket=Monster wins=4/4 (100%) outcomes=W/W/W/W avg_reward=+53.5
  [cell-deck] VineShamblerNormal Monster STRIKE_IRONCLAD,STRIKE_IRONCLAD,STRIKE_IRONCLAD,DEFEND_IRONCLAD,DEFEND_IRONCLAD,BASH,DRUM_OF_BATTLE,UNRELENTING,CINDER,BASH,HOWL_FROM_BEYOND,SHRUG_IT_OFF,ANGER,BASH,BLUDGEON,VICIOUS,BREAK,BLUDGEON,BASH,BLOOD_WALL,PACTS_END,BRAND,UNRELENTING,SPITE,AGGRESSION
  [cell] HauntedShipNormal                bucket=Monster wins=4/4 (100%) outcomes=W/W/W/W avg_reward=+37.3
  [cell-deck] HauntedShipNormal Monster STRIKE_IRONCLAD,STRIKE_IRONCLAD,DEFEND_IRONCLAD,DEFEND_IRONCLAD,BASH,HAVOC,BLUDGEON,PILLAGE,STOMP,WHIRLWIND,DEFEND_IRONCLAD,HOWL_FROM_BEYOND,HELLRAISER,DISMANTLE,STAMPEDE,HOWL_FROM_BEYOND,BARRICADE,PRIMAL_FORCE,HOWL_FROM_BEYOND,UNRELENTING,STAMPEDE,FIGHT_ME,TEAR_ASUNDER,INFERNO,BLUDGEON,PACTS_END
  [cell] ChompersNormal                   bucket=Monster wins=4/4 (100%) outcomes=W/W/W/W avg_reward=+69.3
  [cell-deck] ChompersNormal Monster STRIKE_IRONCLAD,STRIKE_IRONCLAD,STRIKE_IRONCLAD,DEFEND_IRONCLAD,DEFEND_IRONCLAD,DEFEND_IRONCLAD,HELLRAISER,UNRELENTING,ARMAMENTS,DEMON_FORM,BASH,BREAK,MANGLE,ASHEN_STRIKE,SPITE,RAGE,DOMINATE,TREMBLE,ANGER,DEMON_FORM,EXPECT_A_FIGHT,POMMEL_STRIKE,MANGLE,BASH,STOKE,THUNDERCLAP
  [cell] CubexConstructNormal             bucket=Monster wins=3/4 ( 75%) outcomes=W/L/W/W avg_reward=+10.5
  [cell-deck] CubexConstructNormal Monster STRIKE_IRONCLAD,STRIKE_IRONCLAD,DEFEND_IRONCLAD,DEFEND_IRONCLAD,BASH,HAVOC,TANK,UNRELENTING,DEMON_FORM,FIGHT_ME,TWIN_STRIKE,HOWL_FROM_BEYOND,BASH,BLOOD_WALL,UNMOVABLE,DARK_EMBRACE,UPPERCUT,UNMOVABLE,CINDER,HAVOC,FLAME_BARRIER,RAGE,PILLAGE,COLOSSUS
  [cell] MytesNormal                      bucket=Monster wins=4/4 (100%) outcomes=W/W/W/W avg_reward=+108.0
  [cell-deck] MytesNormal Monster STRIKE_IRONCLAD,STRIKE_IRONCLAD,DEFEND_IRONCLAD,DEFEND_IRONCLAD,DEFEND_IRONCLAD,BASH,BLUDGEON,UPPERCUT,SECOND_WIND,HOWL_FROM_BEYOND,HEMOKINESIS,TAUNT,SECOND_WIND,BLUDGEON,UPPERCUT,HEMOKINESIS,TANK,NOT_YET,BLUDGEON,ONE_TWO_PUNCH,BODY_SLAM,BLUDGEON,MANGLE,BLUDGEON,EXPECT_A_FIGHT,SPITE
  [cell] MawlerNormal                     bucket=Monster wins=4/4 (100%) outcomes=W/W/W/W avg_reward=+63.8
  [cell-deck] MawlerNormal Monster STRIKE_IRONCLAD,STRIKE_IRONCLAD,STRIKE_IRONCLAD,DEFEND_IRONCLAD,DEFEND_IRONCLAD,HEADBUTT,MOLTEN_FIST,BLUDGEON,RUPTURE,BLOOD_WALL,BASH,MANGLE,COLOSSUS,STOMP,HEADBUTT,ASHEN_STRIKE,BLUDGEON,CINDER,BASH,TRUE_GRIT,HAVOC,STOMP,CRIMSON_MANTLE,BLUDGEON,IRON_WAVE,BLUDGEON
  [cell] ThievingHopperWeak               bucket=Monster wins=4/4 (100%) outcomes=W/W/W/W avg_reward=+27.8
  [cell-deck] ThievingHopperWeak Monster STRIKE_IRONCLAD,STRIKE_IRONCLAD,STRIKE_IRONCLAD,STRIKE_IRONCLAD,DEFEND_IRONCLAD,BASH,CINDER,UPPERCUT,HOWL_FROM_BEYOND,STOMP,ARMAMENTS,DEMON_FORM,EVIL_EYE,BLOOD_WALL,INFLAME,BURNING_PACT,BARRICADE,FEED,BLOOD_WALL,SWORD_BOOMERANG,TREMBLE,PERFECTED_STRIKE,CRIMSON_MANTLE,HELLRAISER,BODY_SLAM,HOWL_FROM_BEYOND,PYRE
  [cell] FogmogNormal                     bucket=Monster wins=4/4 (100%) outcomes=W/W/W/W avg_reward=+65.8
  [cell-deck] FogmogNormal Monster STRIKE_IRONCLAD,DEFEND_IRONCLAD,DEFEND_IRONCLAD,DEFEND_IRONCLAD,BASH,HEADBUTT,EXPECT_A_FIGHT,FLAME_BARRIER,COLOSSUS,IMPERVIOUS,PERFECTED_STRIKE,JUGGERNAUT,STRIKE_IRONCLAD,MANGLE,MANGLE,STAMPEDE,BATTLE_TRANCE,HOWL_FROM_BEYOND,STAMPEDE,FLAME_BARRIER,BLOODLETTING,BLOODLETTING,BLOOD_WALL,STOMP,STOMP,TEAR_ASUNDER
  [cell] GremlinMercNormal                bucket=Monster wins=4/4 (100%) outcomes=W/W/W/W avg_reward=+44.8
  [cell-deck] GremlinMercNormal Monster DEFEND_IRONCLAD,DEFEND_IRONCLAD,DEFEND_IRONCLAD,DEFEND_IRONCLAD,BASH,UPPERCUT,CINDER,ASHEN_STRIKE,FIGHT_ME,ARMAMENTS,HOWL_FROM_BEYOND,BURNING_PACT,SPITE,UPPERCUT,INFERNO,BLOODLETTING,COLOSSUS,BRAND,PYRE,BLUDGEON,DARK_EMBRACE,INFLAME,STAMPEDE,DEMONIC_SHIELD,SWORD_BOOMERANG,CINDER
  [cell] SnappingJaxfruitNormal           bucket=Monster wins=4/4 (100%) outcomes=W/W/W/W avg_reward=+69.0
  [cell-deck] SnappingJaxfruitNormal Monster STRIKE_IRONCLAD,STRIKE_IRONCLAD,STRIKE_IRONCLAD,DEFEND_IRONCLAD,DEFEND_IRONCLAD,DEFEND_IRONCLAD,HOWL_FROM_BEYOND,HELLRAISER,BLOODLETTING,OFFERING,PERFECTED_STRIKE,CASCADE,STOMP,POMMEL_STRIKE,BASH,DISMANTLE,BLUDGEON,HOWL_FROM_BEYOND,CINDER,STOMP,JUGGERNAUT,THUNDERCLAP,BLUDGEON,BULLY,PERFECTED_STRIKE
  [cell] LivingFogNormal                  bucket=Monster wins=4/4 (100%) outcomes=W/W/W/W avg_reward=+45.0
  [cell-deck] LivingFogNormal Monster STRIKE_IRONCLAD,STRIKE_IRONCLAD,STRIKE_IRONCLAD,DEFEND_IRONCLAD,BASH,UPPERCUT,AGGRESSION,CONFLAGRATION,UNRELENTING,FORGOTTEN_RITUAL,BLOODLETTING,BLUDGEON,DRUM_OF_BATTLE,RAGE,RAGE,TANK,BULLY,FIGHT_ME,FORGOTTEN_RITUAL,PERFECTED_STRIKE,UPPERCUT,STRIKE_IRONCLAD,JUGGERNAUT,BASH
  [cell] SeapunkNormal                    bucket=Monster wins=4/4 (100%) outcomes=W/W/W/W avg_reward=+61.8
  [cell-deck] SeapunkNormal Monster STRIKE_IRONCLAD,STRIKE_IRONCLAD,STRIKE_IRONCLAD,DEFEND_IRONCLAD,DEFEND_IRONCLAD,HELLRAISER,SWORD_BOOMERANG,THUNDERCLAP,BULLY,PERFECTED_STRIKE,FLAME_BARRIER,PACTS_END,PERFECTED_STRIKE,BLOOD_WALL,DARK_EMBRACE,CINDER,BODY_SLAM,BARRICADE,DEMON_FORM,FIGHT_ME,STOKE,HOWL_FROM_BEYOND,HEMOKINESIS,FIGHT_ME,CRUELTY
  [cell] TunnelerWeak                     bucket=Monster wins=4/4 (100%) outcomes=W/W/W/W avg_reward=+32.5
  [cell-deck] TunnelerWeak Monster STRIKE_IRONCLAD,STRIKE_IRONCLAD,DEFEND_IRONCLAD,DEFEND_IRONCLAD,BASH,TRUE_GRIT,STAMPEDE,PERFECTED_STRIKE,STOMP,BLUDGEON,CINDER,PACTS_END,BLUDGEON,HOWL_FROM_BEYOND,STOKE,SETUP_STRIKE,HOWL_FROM_BEYOND,DOMINATE,ANGER,CRIMSON_MANTLE,INFLAME,STAMPEDE,BARRICADE,DEMON_FORM,STOMP
  [cell] SlimesNormal                     bucket=Monster wins=4/4 (100%) outcomes=W/W/W/W avg_reward=+74.5
  [cell-deck] SlimesNormal Monster STRIKE_IRONCLAD,STRIKE_IRONCLAD,STRIKE_IRONCLAD,STRIKE_IRONCLAD,DEFEND_IRONCLAD,DEFEND_IRONCLAD,UNRELENTING,FIGHT_ME,PACTS_END,DEMON_FORM,BASH,DRUM_OF_BATTLE,INFERNO,BLUDGEON,HELLRAISER,STONE_ARMOR,EVIL_EYE,BLUDGEON,HOWL_FROM_BEYOND,UPPERCUT,STRIKE_IRONCLAD,BARRICADE,FEED,FLAME_BARRIER,TWIN_STRIKE,PILLAGE,UNMOVABLE
  [cell] SlimesWeak                       bucket=Monster wins=4/4 (100%) outcomes=W/W/W/W avg_reward=+49.0
  [cell-deck] SlimesWeak Monster STRIKE_IRONCLAD,STRIKE_IRONCLAD,STRIKE_IRONCLAD,STRIKE_IRONCLAD,DEFEND_IRONCLAD,TREMBLE,HOWL_FROM_BEYOND,UNRELENTING,DEMON_FORM,JUGGLING,SWORD_BOOMERANG,MANGLE,SPITE,CINDER,UNRELENTING,HOWL_FROM_BEYOND,HAVOC,JUGGERNAUT,RAMPAGE,STOKE,CASCADE,BLOOD_WALL,STOMP,BASH,BATTLE_TRANCE
  [cell] CultistsNormal                   bucket=Monster wins=4/4 (100%) outcomes=W/W/W/W avg_reward=+57.0
  [cell-deck] CultistsNormal Monster STRIKE_IRONCLAD,STRIKE_IRONCLAD,DEFEND_IRONCLAD,DEFEND_IRONCLAD,DEFEND_IRONCLAD,BASH,BASH,FIGHT_ME,FIEND_FIRE,JUGGERNAUT,JUGGLING,STOMP,BODY_SLAM,BLOOD_WALL,BASH,MANGLE,HOWL_FROM_BEYOND,TEAR_ASUNDER,FLAME_BARRIER,BRAND,MANGLE,INFERNAL_BLADE,BASH,RUPTURE,RUPTURE
  [cell] TurretOperatorWeak               bucket=Monster wins=4/4 (100%) outcomes=W/W/W/W avg_reward=+51.3
  [cell-deck] TurretOperatorWeak Monster STRIKE_IRONCLAD,STRIKE_IRONCLAD,DEFEND_IRONCLAD,DEFEND_IRONCLAD,DEFEND_IRONCLAD,BASH,BREAK,TWIN_STRIKE,CONFLAGRATION,BLUDGEON,SECOND_WIND,CONFLAGRATION,ANGER,RAMPAGE,UPPERCUT,WHIRLWIND,HELLRAISER,CINDER,MANGLE,THRASH,HOWL_FROM_BEYOND,COLOSSUS,CINDER,BLUDGEON,FIGHT_ME
  [cell] OvergrowthCrawlers               bucket=Monster wins=3/4 ( 75%) outcomes=L/W/W/W avg_reward=+53.0
  [cell-deck] OvergrowthCrawlers Monster STRIKE_IRONCLAD,STRIKE_IRONCLAD,STRIKE_IRONCLAD,STRIKE_IRONCLAD,DEFEND_IRONCLAD,DEFEND_IRONCLAD,SECOND_WIND,FLAME_BARRIER,BLUDGEON,STOMP,ARMAMENTS,HOWL_FROM_BEYOND,DEMON_FORM,BULLY,COLOSSUS,DOMINATE,BASH,MANGLE,MANGLE,HOWL_FROM_BEYOND,FEED,BARRICADE,BASH,STOMP,DEMON_FORM
  [cell] BowlbugsNormal                   bucket=Monster wins=3/4 ( 75%) outcomes=W/W/W/L avg_reward=+35.8
  [cell-deck] BowlbugsNormal Monster STRIKE_IRONCLAD,STRIKE_IRONCLAD,DEFEND_IRONCLAD,DEFEND_IRONCLAD,BASH,TRUE_GRIT,BARRICADE,FIGHT_ME,COLOSSUS,PRIMAL_FORCE,MANGLE,PILLAGE,INFLAME,RAMPAGE,NOT_YET,ANGER,INFLAME,BLUDGEON,CINDER,STAMPEDE,THRASH,HOWL_FROM_BEYOND,BURNING_PACT,MANGLE
  [cell] BowlbugsWeak                     bucket=Monster wins=4/4 (100%) outcomes=W/W/W/W avg_reward=+49.3
  [cell-deck] BowlbugsWeak Monster STRIKE_IRONCLAD,STRIKE_IRONCLAD,DEFEND_IRONCLAD,DEFEND_IRONCLAD,DEFEND_IRONCLAD,DEFEND_IRONCLAD,STOMP,FIGHT_ME,THRASH,BASH,HOWL_FROM_BEYOND,TWIN_STRIKE,TWIN_STRIKE,BLUDGEON,STRIKE_IRONCLAD,BLOOD_WALL,BREAKTHROUGH,EXPECT_A_FIGHT,HOWL_FROM_BEYOND,SECOND_WIND,BLUDGEON,HOWL_FROM_BEYOND,RUPTURE,BLUDGEON,BLUDGEON,VICIOUS
  [cell] FlyconidNormal                   bucket=Monster wins=4/4 (100%) outcomes=W/W/W/W avg_reward=+63.3
  [cell-deck] FlyconidNormal Monster STRIKE_IRONCLAD,STRIKE_IRONCLAD,STRIKE_IRONCLAD,DEFEND_IRONCLAD,DEFEND_IRONCLAD,BASH,AGGRESSION,UNMOVABLE,SPITE,OFFERING,PILLAGE,FEED,SECOND_WIND,STOMP,SPITE,HOWL_FROM_BEYOND,BLUDGEON,PYRE,RAMPAGE,HAVOC,BASH,CINDER,TREMBLE,JUGGERNAUT,STOMP,HEMOKINESIS
  [cell] SpinyToadNormal                  bucket=Monster wins=4/4 (100%) outcomes=W/W/W/W avg_reward=+76.5
  [cell-deck] SpinyToadNormal Monster STRIKE_IRONCLAD,STRIKE_IRONCLAD,STRIKE_IRONCLAD,DEFEND_IRONCLAD,BASH,FLAME_BARRIER,OFFERING,COLOSSUS,UNRELENTING,MANGLE,BASH,DARK_EMBRACE,BASH,STONE_ARMOR,RAMPAGE,BLOOD_WALL,POMMEL_STRIKE,BASH,TRUE_GRIT,ANGER,SECOND_WIND,CASCADE,PYRE,STOMP,STOMP
  [cell] ConstructMenagerieNormal         bucket=Monster wins=0/4 (  0%) outcomes=L/L/L/L avg_reward=-13.5
  [cell-deck] ConstructMenagerieNormal Monster STRIKE_IRONCLAD,STRIKE_IRONCLAD,STRIKE_IRONCLAD,DEFEND_IRONCLAD,DEFEND_IRONCLAD,DEFEND_IRONCLAD,BLOOD_WALL,TWIN_STRIKE,HOWL_FROM_BEYOND,THRASH,BULLY,STOMP,EVIL_EYE,STAMPEDE,DRUM_OF_BATTLE,CASCADE,DEMON_FORM,HEMOKINESIS,PERFECTED_STRIKE,PERFECTED_STRIKE,STOKE,SETUP_STRIKE,JUGGERNAUT,TANK,MANGLE,BRAND,UNRELENTING
  [cell] HunterKillerNormal               bucket=Monster wins=4/4 (100%) outcomes=W/W/W/W avg_reward=+60.8
  [cell-deck] HunterKillerNormal Monster STRIKE_IRONCLAD,STRIKE_IRONCLAD,STRIKE_IRONCLAD,DEFEND_IRONCLAD,DEFEND_IRONCLAD,FLAME_BARRIER,FEED,HOWL_FROM_BEYOND,HEMOKINESIS,BASH,PERFECTED_STRIKE,CINDER,PERFECTED_STRIKE,MANGLE,TEAR_ASUNDER,STONE_ARMOR,ONE_TWO_PUNCH,CRUELTY,PERFECTED_STRIKE,HOWL_FROM_BEYOND,FIEND_FIRE,HOWL_FROM_BEYOND,HOWL_FROM_BEYOND,INFERNAL_BLADE,BLOOD_WALL
  [cell] TheObscuraNormal                 bucket=Monster wins=4/4 (100%) outcomes=W/W/W/W avg_reward=+137.5
  [cell-deck] TheObscuraNormal Monster STRIKE_IRONCLAD,STRIKE_IRONCLAD,STRIKE_IRONCLAD,STRIKE_IRONCLAD,STRIKE_IRONCLAD,DEFEND_IRONCLAD,STAMPEDE,UNRELENTING,CINDER,BLOOD_WALL,OFFERING,HOWL_FROM_BEYOND,HOWL_FROM_BEYOND,TEAR_ASUNDER,INFLAME,VICIOUS,STOMP,BRAND,STOMP,ANGER,JUGGLING,CASCADE,MANGLE,VICIOUS,BREAKTHROUGH
  [cell] RubyRaidersNormal                bucket=Monster wins=4/4 (100%) outcomes=W/W/W/W avg_reward=+28.3
  [cell-deck] RubyRaidersNormal Monster STRIKE_IRONCLAD,STRIKE_IRONCLAD,DEFEND_IRONCLAD,DEFEND_IRONCLAD,BASH,FLAME_BARRIER,BLUDGEON,SECOND_WIND,THRASH,RUPTURE,STOMP,EVIL_EYE,STRIKE_IRONCLAD,DOMINATE,FIGHT_ME,IRON_WAVE,STOMP,MANGLE,HAVOC,WHIRLWIND,FIGHT_ME,MOLTEN_FIST,BLOOD_WALL,FIEND_FIRE,CINDER
  [cell] LouseProgenitorNormal            bucket=Monster wins=4/4 (100%) outcomes=W/W/W/W avg_reward=+87.5
  [cell-deck] LouseProgenitorNormal Monster STRIKE_IRONCLAD,DEFEND_IRONCLAD,DEFEND_IRONCLAD,DEFEND_IRONCLAD,DEFEND_IRONCLAD,BASH,TAUNT,UNMOVABLE,ASHEN_STRIKE,EVIL_EYE,BLUDGEON,UNRELENTING,BLOODLETTING,STONE_ARMOR,BLUDGEON,RAMPAGE,AGGRESSION,UNRELENTING,STAMPEDE,BURNING_PACT,DEMON_FORM,RUPTURE,CINDER,CONFLAGRATION,ARMAMENTS,SPITE
  [cell] GlobeHeadNormal                  bucket=Monster wins=2/4 ( 50%) outcomes=L/L/W/W avg_reward=+33.5
  [cell-deck] GlobeHeadNormal Monster STRIKE_IRONCLAD,STRIKE_IRONCLAD,STRIKE_IRONCLAD,DEFEND_IRONCLAD,BASH,FLAME_BARRIER,TEAR_ASUNDER,ARMAMENTS,FIGHT_ME,BLUDGEON,FLAME_BARRIER,DEMON_FORM,HELLRAISER,BLOOD_WALL,IRON_WAVE,DEMON_FORM,SETUP_STRIKE,STOMP,BRAND,HOWL_FROM_BEYOND,BLOOD_WALL,TRUE_GRIT,THUNDERCLAP,BLUDGEON,HOWL_FROM_BEYOND
  [cell] OvicopterNormal                  bucket=Monster wins=4/4 (100%) outcomes=W/W/W/W avg_reward=+83.5
  [cell-deck] OvicopterNormal Monster STRIKE_IRONCLAD,STRIKE_IRONCLAD,STRIKE_IRONCLAD,DEFEND_IRONCLAD,DEFEND_IRONCLAD,DEFEND_IRONCLAD,UNMOVABLE,DEMON_FORM,HELLRAISER,BODY_SLAM,MANGLE,HOWL_FROM_BEYOND,CINDER,HOWL_FROM_BEYOND,BLUDGEON,EVIL_EYE,PERFECTED_STRIKE,INFERNO,ARMAMENTS,CRIMSON_MANTLE,TAUNT,BLUDGEON,BLUDGEON,MOLTEN_FIST,INFERNAL_BLADE,POMMEL_STRIKE
  [cell] DevotedSculptorWeak              bucket=Monster wins=0/4 (  0%) outcomes=L/L/L/L avg_reward=+22.5
  [cell-deck] DevotedSculptorWeak Monster STRIKE_IRONCLAD,STRIKE_IRONCLAD,STRIKE_IRONCLAD,DEFEND_IRONCLAD,BASH,STOMP,DISMANTLE,STOMP,SWORD_BOOMERANG,RUPTURE,IMPERVIOUS,AGGRESSION,HEADBUTT,SECOND_WIND,CINDER,UNMOVABLE,WHIRLWIND,TEAR_ASUNDER,SETUP_STRIKE,TREMBLE,UPPERCUT,CONFLAGRATION,HAVOC,BASH,CRIMSON_MANTLE
  [cell] SlitheringStranglerNormal        bucket=Monster wins=4/4 (100%) outcomes=W/W/W/W avg_reward=+55.3
  [cell-deck] SlitheringStranglerNormal Monster STRIKE_IRONCLAD,STRIKE_IRONCLAD,STRIKE_IRONCLAD,STRIKE_IRONCLAD,DEFEND_IRONCLAD,DEFEND_IRONCLAD,BARRICADE,DEMON_FORM,BURNING_PACT,HAVOC,BLUDGEON,UPPERCUT,STONE_ARMOR,HEMOKINESIS,SHRUG_IT_OFF,BLOODLETTING,STOMP,DEMON_FORM,UNRELENTING,HOWL_FROM_BEYOND,MANGLE,PERFECTED_STRIKE,STOKE,TWIN_STRIKE,DOMINATE,FIEND_FIRE
  [cell] SlumberingBeetleNormal           bucket=Monster wins=0/4 (  0%) outcomes=L/L/L/L avg_reward=+30.5
  [cell-deck] SlumberingBeetleNormal Monster STRIKE_IRONCLAD,STRIKE_IRONCLAD,STRIKE_IRONCLAD,DEFEND_IRONCLAD,BASH,STOMP,BLOOD_WALL,BATTLE_TRANCE,FEEL_NO_PAIN,BLUDGEON,BLUDGEON,UNRELENTING,BASH,HOWL_FROM_BEYOND,FIGHT_ME,PILLAGE,TRUE_GRIT,BLOODLETTING,HOWL_FROM_BEYOND,FLAME_BARRIER,MANGLE,JUGGERNAUT,CINDER,SPITE,INFLAME
  [cell] FrogKnightNormal                 bucket=Monster wins=0/4 (  0%) outcomes=L/L/L/L avg_reward=+30.5
  [cell-deck] FrogKnightNormal Monster STRIKE_IRONCLAD,STRIKE_IRONCLAD,STRIKE_IRONCLAD,STRIKE_IRONCLAD,DEFEND_IRONCLAD,DEFEND_IRONCLAD,RAMPAGE,DEMON_FORM,UPPERCUT,PERFECTED_STRIKE,INFERNO,OFFERING,WHIRLWIND,MANGLE,UPPERCUT,STRIKE_IRONCLAD,DOMINATE,BARRICADE,BLOODLETTING,STOMP,FIGHT_ME,BLUDGEON,STOMP,BARRICADE,UNMOVABLE,CONFLAGRATION,JUGGERNAUT
  [cell] TheLostAndForgottenNormal        bucket=Monster wins=0/4 (  0%) outcomes=L/L/L/L avg_reward=-23.8
  [cell-deck] TheLostAndForgottenNormal Monster DEFEND_IRONCLAD,DEFEND_IRONCLAD,DEFEND_IRONCLAD,DEFEND_IRONCLAD,BASH,STOMP,STOMP,DARK_EMBRACE,STOMP,STRIKE_IRONCLAD,DARK_EMBRACE,BASH,CINDER,CINDER,UNMOVABLE,FIGHT_ME,BLOOD_WALL,FORGOTTEN_RITUAL,CRIMSON_MANTLE,THRASH,NOT_YET,PERFECTED_STRIKE,STOMP,MOLTEN_FIST
  [cell] OwlMagistrateNormal              bucket=Monster wins=0/4 (  0%) outcomes=L/L/L/L avg_reward=+46.3
  [cell-deck] OwlMagistrateNormal Monster STRIKE_IRONCLAD,STRIKE_IRONCLAD,STRIKE_IRONCLAD,STRIKE_IRONCLAD,DEFEND_IRONCLAD,BASH,STOMP,DEMON_FORM,PYRE,TRUE_GRIT,BLOOD_WALL,BATTLE_TRANCE,MANGLE,INFERNAL_BLADE,INFERNO,MANGLE,HOWL_FROM_BEYOND,STOMP,BASH,BASH,BLUDGEON,PACTS_END,HEADBUTT,DEMON_FORM,SECOND_WIND
  [cell] FabricatorNormal                 bucket=Monster wins=4/4 (100%) outcomes=W/W/W/W avg_reward=+150.0
  [cell-deck] FabricatorNormal Monster STRIKE_IRONCLAD,STRIKE_IRONCLAD,DEFEND_IRONCLAD,DEFEND_IRONCLAD,BASH,STOMP,MANGLE,INFERNO,DISMANTLE,DEFEND_IRONCLAD,TRUE_GRIT,BARRICADE,STONE_ARMOR,AGGRESSION,BLOOD_WALL,BLUDGEON,BARRICADE,PERFECTED_STRIKE,ASHEN_STRIKE,FIEND_FIRE,DARK_EMBRACE,VICIOUS,ONE_TWO_PUNCH,DEMONIC_SHIELD,ANGER
  [cell] SlimedBerserkerNormal            bucket=Monster wins=0/4 (  0%) outcomes=L/L/L/L avg_reward=+72.8
  [cell-deck] SlimedBerserkerNormal Monster STRIKE_IRONCLAD,STRIKE_IRONCLAD,STRIKE_IRONCLAD,DEFEND_IRONCLAD,DEFEND_IRONCLAD,DEFEND_IRONCLAD,HOWL_FROM_BEYOND,DEMONIC_SHIELD,HEADBUTT,BLUDGEON,HOWL_FROM_BEYOND,SPITE,RUPTURE,PERFECTED_STRIKE,SHRUG_IT_OFF,DRUM_OF_BATTLE,BARRICADE,HOWL_FROM_BEYOND,BURNING_PACT,EXPECT_A_FIGHT,UNRELENTING,BLUDGEON,HEMOKINESIS,FIGHT_ME,DEMON_FORM,STOMP
  [cell] PhantasmalGardenersElite         bucket=Elite   wins=4/4 (100%) outcomes=W/W/W/W avg_reward=+73.0
  [cell-deck] PhantasmalGardenersElite Elite STRIKE_IRONCLAD,STRIKE_IRONCLAD,STRIKE_IRONCLAD,DEFEND_IRONCLAD,DEFEND_IRONCLAD,STOMP,DEMON_FORM,SPITE,SPITE,WHIRLWIND,BARRICADE,BLUDGEON,BASH,RUPTURE,MANGLE,TEAR_ASUNDER,BREAK,AGGRESSION,STOMP,TANK,DEMON_FORM,BASH,CINDER,BREAK
  [cell] SkulkingColonyElite              bucket=Elite   wins=4/4 (100%) outcomes=W/W/W/W avg_reward=+21.5
  [cell-deck] SkulkingColonyElite Elite STRIKE_IRONCLAD,STRIKE_IRONCLAD,STRIKE_IRONCLAD,DEFEND_IRONCLAD,DEFEND_IRONCLAD,BASH,MOLTEN_FIST,DEMON_FORM,BULLY,FEEL_NO_PAIN,BARRICADE,BREAKTHROUGH,DOMINATE,NOT_YET,DOMINATE,BLOODLETTING,BREAK,CONFLAGRATION,BLUDGEON,MANGLE,PERFECTED_STRIKE,NOT_YET,BLUDGEON,RAGE,BLUDGEON,INFERNO
  [cell] ByrdonisElite                    bucket=Elite   wins=4/4 (100%) outcomes=W/W/W/W avg_reward=+62.8
  [cell-deck] ByrdonisElite Elite STRIKE_IRONCLAD,STRIKE_IRONCLAD,DEFEND_IRONCLAD,DEFEND_IRONCLAD,BASH,STOMP,BLOOD_WALL,BARRICADE,DARK_EMBRACE,FIGHT_ME,PERFECTED_STRIKE,BLOODLETTING,PACTS_END,HOWL_FROM_BEYOND,STAMPEDE,PACTS_END,BLUDGEON,BURNING_PACT,INFERNAL_BLADE,FEED,UPPERCUT,EVIL_EYE,BARRICADE,TREMBLE
  [cell] PhrogParasiteElite               bucket=Elite   wins=4/4 (100%) outcomes=W/W/W/W avg_reward=+106.8
  [cell-deck] PhrogParasiteElite Elite STRIKE_IRONCLAD,STRIKE_IRONCLAD,STRIKE_IRONCLAD,DEFEND_IRONCLAD,DEFEND_IRONCLAD,DISMANTLE,UNRELENTING,MANGLE,HAVOC,TAUNT,HOWL_FROM_BEYOND,SHRUG_IT_OFF,INFERNO,STRIKE_IRONCLAD,RAGE,ANGER,DEMON_FORM,TWIN_STRIKE,HEMOKINESIS,BLOOD_WALL,BLUDGEON,STOMP,RAMPAGE,FIGHT_ME
  [cell] BygoneEffigyElite                bucket=Elite   wins=1/4 ( 25%) outcomes=W/L/L/L avg_reward=+29.0
  [cell-deck] BygoneEffigyElite Elite STRIKE_IRONCLAD,STRIKE_IRONCLAD,STRIKE_IRONCLAD,STRIKE_IRONCLAD,STRIKE_IRONCLAD,DEFEND_IRONCLAD,STRIKE_IRONCLAD,STOMP,STOMP,CINDER,PYRE,BLOOD_WALL,STOMP,CINDER,STONE_ARMOR,CINDER,DARK_EMBRACE,EVIL_EYE,DEFEND_IRONCLAD,IMPERVIOUS,DEMONIC_SHIELD,STRIKE_IRONCLAD,WHIRLWIND,HELLRAISER,MOLTEN_FIST
  [cell] DecimillipedeElite               bucket=Elite   wins=0/4 (  0%) outcomes=L/L/L/L avg_reward=+5.8
  [cell-deck] DecimillipedeElite Elite STRIKE_IRONCLAD,STRIKE_IRONCLAD,DEFEND_IRONCLAD,DEFEND_IRONCLAD,BASH,DEMONIC_SHIELD,PRIMAL_FORCE,SWORD_BOOMERANG,VICIOUS,DEMON_FORM,BLOOD_WALL,PYRE,BLUDGEON,MANGLE,TANK,SETUP_STRIKE,CRIMSON_MANTLE,BLUDGEON,BULLY,MANGLE,STOMP,BLOODLETTING,HOWL_FROM_BEYOND,BLUDGEON,RUPTURE
  [cell] TerrorEelElite                   bucket=Elite   wins=4/4 (100%) outcomes=W/W/W/W avg_reward=+96.0
  [cell-deck] TerrorEelElite Elite STRIKE_IRONCLAD,STRIKE_IRONCLAD,STRIKE_IRONCLAD,DEFEND_IRONCLAD,DEFEND_IRONCLAD,DEFEND_IRONCLAD,UPPERCUT,STOMP,JUGGERNAUT,HOWL_FROM_BEYOND,CINDER,IMPERVIOUS,FIGHT_ME,BRAND,HEADBUTT,AGGRESSION,HEADBUTT,BLUDGEON,CINDER,SPITE,BATTLE_TRANCE,EVIL_EYE,ONE_TWO_PUNCH,SPITE,FLAME_BARRIER
  [cell] EntomancerElite                  bucket=Elite   wins=0/4 (  0%) outcomes=L/L/L/L avg_reward=+0.5
  [cell-deck] EntomancerElite Elite STRIKE_IRONCLAD,STRIKE_IRONCLAD,STRIKE_IRONCLAD,DEFEND_IRONCLAD,DEFEND_IRONCLAD,DARK_EMBRACE,HOWL_FROM_BEYOND,CRUELTY,STOMP,BARRICADE,CINDER,BRAND,UPPERCUT,EXPECT_A_FIGHT,UNRELENTING,NOT_YET,IRON_WAVE,BLOOD_WALL,SHRUG_IT_OFF,CINDER,FIGHT_ME,BARRICADE,WHIRLWIND,FIEND_FIRE,EXPECT_A_FIGHT,PERFECTED_STRIKE
  [cell] InfestedPrismsElite              bucket=Elite   wins=3/4 ( 75%) outcomes=W/W/L/W avg_reward=+133.8
  [cell-deck] InfestedPrismsElite Elite STRIKE_IRONCLAD,STRIKE_IRONCLAD,STRIKE_IRONCLAD,DEFEND_IRONCLAD,DEFEND_IRONCLAD,BASH,DEMON_FORM,STOMP,DRUM_OF_BATTLE,TREMBLE,BLOOD_WALL,CINDER,INFERNAL_BLADE,PERFECTED_STRIKE,CINDER,SETUP_STRIKE,HOWL_FROM_BEYOND,ASHEN_STRIKE,INFERNAL_BLADE,POMMEL_STRIKE,MOLTEN_FIST,AGGRESSION,CINDER,PERFECTED_STRIKE,TAUNT,SPITE
  [cell] SoulNexusElite                   bucket=Elite   wins=0/4 (  0%) outcomes=L/L/L/L avg_reward=-25.5
  [cell-deck] SoulNexusElite Elite STRIKE_IRONCLAD,STRIKE_IRONCLAD,STRIKE_IRONCLAD,DEFEND_IRONCLAD,BASH,DARK_EMBRACE,CINDER,INFERNAL_BLADE,DISMANTLE,HELLRAISER,STONE_ARMOR,BLUDGEON,INFERNO,BLUDGEON,BLOOD_WALL,FEED,HOWL_FROM_BEYOND,DEMON_FORM,HOWL_FROM_BEYOND,SECOND_WIND,BLOOD_WALL,DEMONIC_SHIELD,STOKE,BLOODLETTING,PERFECTED_STRIKE,FLAME_BARRIER
  [cell] KnightsElite                     bucket=Elite   wins=0/4 (  0%) outcomes=L/L/L/L avg_reward=+25.0
  [cell-deck] KnightsElite Elite STRIKE_IRONCLAD,STRIKE_IRONCLAD,DEFEND_IRONCLAD,DEFEND_IRONCLAD,DEFEND_IRONCLAD,DEFEND_IRONCLAD,FIGHT_ME,STOMP,BLOODLETTING,BLUDGEON,MANGLE,PERFECTED_STRIKE,BLUDGEON,MOLTEN_FIST,STONE_ARMOR,HOWL_FROM_BEYOND,PILLAGE,STAMPEDE,HOWL_FROM_BEYOND,TRUE_GRIT,DOMINATE,HOWL_FROM_BEYOND,TREMBLE,AGGRESSION,PERFECTED_STRIKE,HEMOKINESIS,STOMP
  [cell] MechaKnightElite                 bucket=Elite   wins=0/4 (  0%) outcomes=L/L/L/L avg_reward=+16.3
  [cell-deck] MechaKnightElite Elite STRIKE_IRONCLAD,STRIKE_IRONCLAD,STRIKE_IRONCLAD,DEFEND_IRONCLAD,DEFEND_IRONCLAD,BASH,INFERNO,DEFEND_IRONCLAD,WHIRLWIND,SHRUG_IT_OFF,SPITE,BLUDGEON,WHIRLWIND,COLOSSUS,SHRUG_IT_OFF,SWORD_BOOMERANG,NOT_YET,BLOODLETTING,PERFECTED_STRIKE,OFFERING,CRUELTY,BURNING_PACT,BLOOD_WALL,FLAME_BARRIER,EVIL_EYE,WHIRLWIND,STOMP
  [cell] TestSubjectBoss                  bucket=Boss    wins=0/4 (  0%) outcomes=L/L/L/L avg_reward=+32.0
  [cell-deck] TestSubjectBoss Boss STRIKE_IRONCLAD,STRIKE_IRONCLAD,DEFEND_IRONCLAD,DEFEND_IRONCLAD,BASH,STOMP,STRIKE_IRONCLAD,FEED,BARRICADE,EVIL_EYE,DARK_EMBRACE,SETUP_STRIKE,BASH,CINDER,BULLY,HOWL_FROM_BEYOND,PACTS_END,CINDER,BLUDGEON,VICIOUS,TWIN_STRIKE,BLOOD_WALL,CONFLAGRATION,DEMON_FORM
  [cell] VantomBoss                       bucket=Boss    wins=0/4 (  0%) outcomes=L/L/L/L avg_reward=-39.3
  [cell-deck] VantomBoss Boss STRIKE_IRONCLAD,STRIKE_IRONCLAD,DEFEND_IRONCLAD,DEFEND_IRONCLAD,BASH,DEFEND_IRONCLAD,RUPTURE,BARRICADE,DARK_EMBRACE,JUGGLING,MANGLE,CASCADE,DOMINATE,MOLTEN_FIST,STOKE,SWORD_BOOMERANG,NOT_YET,STRIKE_IRONCLAD,BARRICADE,RAMPAGE,SHRUG_IT_OFF,RUPTURE,BLUDGEON,PILLAGE,BLOOD_WALL,TREMBLE
  [cell] SoulFyshBoss                     bucket=Boss    wins=4/4 (100%) outcomes=W/W/W/W avg_reward=+174.3
  [cell-deck] SoulFyshBoss Boss STRIKE_IRONCLAD,STRIKE_IRONCLAD,DEFEND_IRONCLAD,DEFEND_IRONCLAD,DEFEND_IRONCLAD,BASH,BULLY,STOMP,MANGLE,PACTS_END,INFERNO,STOMP,TRUE_GRIT,PRIMAL_FORCE,PERFECTED_STRIKE,ANGER,EVIL_EYE,CINDER,MANGLE,HEMOKINESIS,TEAR_ASUNDER,HOWL_FROM_BEYOND,JUGGLING,EXPECT_A_FIGHT,BATTLE_TRANCE
  [cell] LagavulinMatriarchBoss           bucket=Boss    wins=4/4 (100%) outcomes=W/W/W/W avg_reward=+155.0
  [cell-deck] LagavulinMatriarchBoss Boss STRIKE_IRONCLAD,STRIKE_IRONCLAD,STRIKE_IRONCLAD,DEFEND_IRONCLAD,DEFEND_IRONCLAD,BASH,DOMINATE,DEMON_FORM,HEMOKINESIS,CINDER,PYRE,CONFLAGRATION,RUPTURE,DISMANTLE,INFERNO,EVIL_EYE,DEMON_FORM,MANGLE,STOKE,BODY_SLAM,STOMP,BREAK,STAMPEDE,STOMP,SPITE,INFERNAL_BLADE
  [cell] WaterfallGiantBoss               bucket=Boss    wins=0/4 (  0%) outcomes=L/L/L/L avg_reward=+182.8
  [cell-deck] WaterfallGiantBoss Boss STRIKE_IRONCLAD,STRIKE_IRONCLAD,STRIKE_IRONCLAD,DEFEND_IRONCLAD,DEFEND_IRONCLAD,STOMP,DOMINATE,SWORD_BOOMERANG,WHIRLWIND,HOWL_FROM_BEYOND,BASH,STOMP,STONE_ARMOR,SETUP_STRIKE,TEAR_ASUNDER,VICIOUS,SPITE,STOMP,PERFECTED_STRIKE,UNRELENTING,MANGLE,HOWL_FROM_BEYOND,PERFECTED_STRIKE,THUNDERCLAP,FEEL_NO_PAIN,ASHEN_STRIKE
  [cell] TheKinBoss                       bucket=Boss    wins=0/4 (  0%) outcomes=L/L/L/L avg_reward=+99.5
  [cell-deck] TheKinBoss Boss STRIKE_IRONCLAD,STRIKE_IRONCLAD,DEFEND_IRONCLAD,DEFEND_IRONCLAD,DEFEND_IRONCLAD,BASH,HAVOC,DEMON_FORM,CASCADE,HOWL_FROM_BEYOND,CINDER,PYRE,DOMINATE,DEMON_FORM,BLUDGEON,BLUDGEON,HEMOKINESIS,DOMINATE,RUPTURE,FIEND_FIRE,INFERNO,PRIMAL_FORCE,FLAME_BARRIER,BLUDGEON,IRON_WAVE,COLOSSUS
  [cell] CeremonialBeastBoss              bucket=Boss    wins=1/4 ( 25%) outcomes=L/L/W/L avg_reward=+109.8
  [cell-deck] CeremonialBeastBoss Boss STRIKE_IRONCLAD,STRIKE_IRONCLAD,STRIKE_IRONCLAD,DEFEND_IRONCLAD,DEFEND_IRONCLAD,STOMP,BLOOD_WALL,BLUDGEON,HOWL_FROM_BEYOND,TWIN_STRIKE,PERFECTED_STRIKE,STOKE,HEADBUTT,HOWL_FROM_BEYOND,BASH,RUPTURE,PRIMAL_FORCE,BARRICADE,FIGHT_ME,HELLRAISER,COLOSSUS,STAMPEDE,HEMOKINESIS,MOLTEN_FIST
  [cell] TheInsatiableBoss                bucket=Boss    wins=0/4 (  0%) outcomes=L/L/L/L avg_reward=+15.5
  [cell-deck] TheInsatiableBoss Boss STRIKE_IRONCLAD,STRIKE_IRONCLAD,DEFEND_IRONCLAD,DEFEND_IRONCLAD,DEFEND_IRONCLAD,BASH,BLUDGEON,DEMON_FORM,VICIOUS,PYRE,PERFECTED_STRIKE,FEED,HOWL_FROM_BEYOND,FLAME_BARRIER,DOMINATE,SWORD_BOOMERANG,AGGRESSION,BASH,THRASH,RUPTURE,DISMANTLE,BODY_SLAM,HAVOC,CASCADE,BLUDGEON,BLUDGEON,POMMEL_STRIKE
  [cell] KnowledgeDemonBoss               bucket=Boss    wins=0/4 (  0%) outcomes=L/L/L/L avg_reward=+15.3
  [cell-deck] KnowledgeDemonBoss Boss STRIKE_IRONCLAD,STRIKE_IRONCLAD,DEFEND_IRONCLAD,DEFEND_IRONCLAD,BASH,STOMP,STOMP,DEMONIC_SHIELD,TWIN_STRIKE,MANGLE,STOMP,THUNDERCLAP,PERFECTED_STRIKE,CINDER,IRON_WAVE,HAVOC,SWORD_BOOMERANG,DISMANTLE,BURNING_PACT,UNMOVABLE,CRIMSON_MANTLE,TANK,BASH,HOWL_FROM_BEYOND,STOMP,HOWL_FROM_BEYOND
  [cell] KaiserCrabBoss                   bucket=Boss    wins=0/4 (  0%) outcomes=L/L/L/L avg_reward=-22.5
  [cell-deck] KaiserCrabBoss Boss STRIKE_IRONCLAD,STRIKE_IRONCLAD,STRIKE_IRONCLAD,DEFEND_IRONCLAD,DEFEND_IRONCLAD,DEFEND_IRONCLAD,CINDER,DEMON_FORM,RAMPAGE,VICIOUS,BRAND,STOMP,BLOOD_WALL,FEED,UPPERCUT,MOLTEN_FIST,BLUDGEON,STOMP,STOMP,UPPERCUT,BLOOD_WALL,PILLAGE,BLOOD_WALL,HOWL_FROM_BEYOND,UPPERCUT
  [cell] DoormakerBoss                    bucket=Boss    wins=0/4 (  0%) outcomes=L/L/L/L avg_reward=+46.5
  [cell-deck] DoormakerBoss Boss STRIKE_IRONCLAD,STRIKE_IRONCLAD,STRIKE_IRONCLAD,DEFEND_IRONCLAD,DEFEND_IRONCLAD,STOMP,MANGLE,MANGLE,HAVOC,BASH,FIGHT_ME,SWORD_BOOMERANG,CINDER,ANGER,RAMPAGE,BULLY,STOMP,IRON_WAVE,UNRELENTING,FORGOTTEN_RITUAL,UNRELENTING,BLUDGEON,STRIKE_IRONCLAD,BRAND,BLUDGEON,CINDER
  [cell] QueenBoss                        bucket=Boss    wins=0/4 (  0%) outcomes=L/L/L/L avg_reward=-9.3
  [cell-deck] QueenBoss Boss STRIKE_IRONCLAD,STRIKE_IRONCLAD,DEFEND_IRONCLAD,DEFEND_IRONCLAD,BASH,CONFLAGRATION,HOWL_FROM_BEYOND,EXPECT_A_FIGHT,BARRICADE,HOWL_FROM_BEYOND,CINDER,STRIKE_IRONCLAD,SHRUG_IT_OFF,EXPECT_A_FIGHT,BURNING_PACT,PYRE,BLUDGEON,TEAR_ASUNDER,NOT_YET,DEMON_FORM,PYRE,FORGOTTEN_RITUAL,FIGHT_ME,BLOODLETTING,MOLTEN_FIST
  [cell] InkletsNormal                    bucket=Monster wins=4/4 (100%) outcomes=W/W/W/W avg_reward=+26.8
  [cell-deck] InkletsNormal Monster STRIKE_IRONCLAD,STRIKE_IRONCLAD,DEFEND_IRONCLAD,DEFEND_IRONCLAD,DEFEND_IRONCLAD,DEFEND_IRONCLAD,BLUDGEON,STAMPEDE,EXPECT_A_FIGHT,BARRICADE,DARK_EMBRACE,SHRUG_IT_OFF,INFERNAL_BLADE,DEMONIC_SHIELD,BASH,SHRUG_IT_OFF,STOMP,BLOOD_WALL,BLOODLETTING,HOWL_FROM_BEYOND,HOWL_FROM_BEYOND,BASH,INFERNAL_BLADE,BLOOD_WALL,DEMON_FORM,HEMOKINESIS
  [cell] TwoTailedRatsNormal              bucket=Monster wins=4/4 (100%) outcomes=W/W/W/W avg_reward=+49.5
  [cell-deck] TwoTailedRatsNormal Monster STRIKE_IRONCLAD,STRIKE_IRONCLAD,STRIKE_IRONCLAD,DEFEND_IRONCLAD,BASH,COLOSSUS,CINDER,ONE_TWO_PUNCH,INFLAME,VICIOUS,STRIKE_IRONCLAD,STOMP,DOMINATE,BLUDGEON,EXPECT_A_FIGHT,HEMOKINESIS,BLOOD_WALL,BLOODLETTING,DRUM_OF_BATTLE,STOMP,EXPECT_A_FIGHT,SETUP_STRIKE,BULLY,STOMP,THUNDERCLAP,HOWL_FROM_BEYOND
  [cell] ToadpolesWeak                    bucket=Monster wins=4/4 (100%) outcomes=W/W/W/W avg_reward=+40.0
  [cell-deck] ToadpolesWeak Monster STRIKE_IRONCLAD,STRIKE_IRONCLAD,STRIKE_IRONCLAD,DEFEND_IRONCLAD,DEFEND_IRONCLAD,DEFEND_IRONCLAD,CINDER,SPITE,BLUDGEON,CRIMSON_MANTLE,STOMP,BRAND,BLUDGEON,DEFEND_IRONCLAD,PERFECTED_STRIKE,HOWL_FROM_BEYOND,UPPERCUT,STONE_ARMOR,BASH,RAMPAGE,CASCADE,JUGGERNAUT,BULLY,FEEL_NO_PAIN,BLOODLETTING,BODY_SLAM,BASH
  [cell] CorpseSlugsNormal                bucket=Monster wins=4/4 (100%) outcomes=W/W/W/W avg_reward=+37.5
  [cell-deck] CorpseSlugsNormal Monster STRIKE_IRONCLAD,STRIKE_IRONCLAD,DEFEND_IRONCLAD,DEFEND_IRONCLAD,DEFEND_IRONCLAD,CRIMSON_MANTLE,ARMAMENTS,STRIKE_IRONCLAD,WHIRLWIND,PERFECTED_STRIKE,WHIRLWIND,UNRELENTING,INFERNO,TANK,THUNDERCLAP,BRAND,CINDER,FLAME_BARRIER,BLUDGEON,DARK_EMBRACE,FEED,STOMP,STOMP,PILLAGE,BASH
  [cell] CorpseSlugsWeak                  bucket=Monster wins=4/4 (100%) outcomes=W/W/W/W avg_reward=+33.5
  [cell-deck] CorpseSlugsWeak Monster STRIKE_IRONCLAD,STRIKE_IRONCLAD,STRIKE_IRONCLAD,DEFEND_IRONCLAD,DEFEND_IRONCLAD,DEFEND_IRONCLAD,UNRELENTING,STAMPEDE,TANK,HOWL_FROM_BEYOND,CINDER,TANK,DARK_EMBRACE,FIGHT_ME,STONE_ARMOR,CINDER,HOWL_FROM_BEYOND,IRON_WAVE,BURNING_PACT,BASH,BARRICADE,BASH,BURNING_PACT,HOWL_FROM_BEYOND,PRIMAL_FORCE
  [cell] ExoskeletonsNormal               bucket=Monster wins=4/4 (100%) outcomes=W/W/W/W avg_reward=+57.3
  [cell-deck] ExoskeletonsNormal Monster STRIKE_IRONCLAD,STRIKE_IRONCLAD,DEFEND_IRONCLAD,DEFEND_IRONCLAD,DEFEND_IRONCLAD,CONFLAGRATION,SHRUG_IT_OFF,BLUDGEON,HOWL_FROM_BEYOND,BLOOD_WALL,MANGLE,THUNDERCLAP,BLUDGEON,NOT_YET,BASH,UNRELENTING,BRAND,PERFECTED_STRIKE,TEAR_ASUNDER,STOMP,BASH,BLUDGEON,MANGLE,FEEL_NO_PAIN,DISMANTLE
  [cell] ExoskeletonsWeak                 bucket=Monster wins=4/4 (100%) outcomes=W/W/W/W avg_reward=+39.0
  [cell-deck] ExoskeletonsWeak Monster STRIKE_IRONCLAD,STRIKE_IRONCLAD,STRIKE_IRONCLAD,STRIKE_IRONCLAD,DEFEND_IRONCLAD,DEFEND_IRONCLAD,BASH,STAMPEDE,NOT_YET,SHRUG_IT_OFF,STAMPEDE,DEMON_FORM,TRUE_GRIT,EXPECT_A_FIGHT,HEADBUTT,ARMAMENTS,ONE_TWO_PUNCH,DEMON_FORM,BLUDGEON,CRIMSON_MANTLE,SPITE,INFERNO,TAUNT,STOMP,HOWL_FROM_BEYOND
  [cell] ScrollsOfBitingNormal            bucket=Monster wins=1/4 ( 25%) outcomes=L/L/W/L avg_reward=+9.5
  [cell-deck] ScrollsOfBitingNormal Monster STRIKE_IRONCLAD,STRIKE_IRONCLAD,DEFEND_IRONCLAD,DEFEND_IRONCLAD,BASH,CRUELTY,HOWL_FROM_BEYOND,DEMON_FORM,TWIN_STRIKE,STAMPEDE,RUPTURE,BARRICADE,DOMINATE,EXPECT_A_FIGHT,JUGGLING,PERFECTED_STRIKE,DOMINATE,AGGRESSION,PILLAGE,CONFLAGRATION,BASH,CINDER,BREAK,CINDER
  [cell] ScrollsOfBitingWeak              bucket=Monster wins=4/4 (100%) outcomes=W/W/W/W avg_reward=+43.5
  [cell-deck] ScrollsOfBitingWeak Monster STRIKE_IRONCLAD,STRIKE_IRONCLAD,STRIKE_IRONCLAD,DEFEND_IRONCLAD,DEFEND_IRONCLAD,BASH,RUPTURE,STAMPEDE,EXPECT_A_FIGHT,UPPERCUT,BRAND,ANGER,BASH,HOWL_FROM_BEYOND,PERFECTED_STRIKE,SHRUG_IT_OFF,BLUDGEON,BASH,DEMON_FORM,MANGLE,INFLAME,BARRICADE,THRASH,TEAR_ASUNDER,BLOOD_WALL,MANGLE
  [cell] SludgeSpinnerWeak                bucket=Monster wins=4/4 (100%) outcomes=W/W/W/W avg_reward=+31.3
  [cell-deck] SludgeSpinnerWeak Monster STRIKE_IRONCLAD,STRIKE_IRONCLAD,STRIKE_IRONCLAD,DEFEND_IRONCLAD,DEFEND_IRONCLAD,CRIMSON_MANTLE,CINDER,MANGLE,HAVOC,BURNING_PACT,DRUM_OF_BATTLE,WHIRLWIND,UPPERCUT,BLUDGEON,SECOND_WIND,FLAME_BARRIER,DEFEND_IRONCLAD,BULLY,FLAME_BARRIER,STAMPEDE,RAMPAGE,IMPERVIOUS,ARMAMENTS,VICIOUS
  [cell] ShrinkerBeetleWeak               bucket=Monster wins=4/4 (100%) outcomes=W/W/W/W avg_reward=+35.0
  [cell-deck] ShrinkerBeetleWeak Monster STRIKE_IRONCLAD,STRIKE_IRONCLAD,STRIKE_IRONCLAD,STRIKE_IRONCLAD,DEFEND_IRONCLAD,BASH,STOMP,STAMPEDE,BLUDGEON,CASCADE,RAGE,FLAME_BARRIER,PERFECTED_STRIKE,HELLRAISER,CINDER,HOWL_FROM_BEYOND,DEMON_FORM,STOMP,CONFLAGRATION,STOMP,DARK_EMBRACE,IMPERVIOUS,INFLAME,BRAND,THRASH,DEMON_FORM,TWIN_STRIKE
  [cell] AxebotsNormal                    bucket=Monster wins=0/4 (  0%) outcomes=L/L/L/L avg_reward=+8.3
  [cell-deck] AxebotsNormal Monster STRIKE_IRONCLAD,STRIKE_IRONCLAD,STRIKE_IRONCLAD,DEFEND_IRONCLAD,DEFEND_IRONCLAD,DARK_EMBRACE,ANGER,STOMP,TANK,THUNDERCLAP,HOWL_FROM_BEYOND,BLOOD_WALL,BLUDGEON,TANK,COLOSSUS,BLUDGEON,HELLRAISER,HOWL_FROM_BEYOND,CASCADE,CINDER,SECOND_WIND,OFFERING,JUGGLING,STOMP,UNRELENTING,BREAK
  [cell] NibbitsNormal                    bucket=Monster wins=4/4 (100%) outcomes=W/W/W/W avg_reward=+53.5
  [cell-deck] NibbitsNormal Monster STRIKE_IRONCLAD,STRIKE_IRONCLAD,STRIKE_IRONCLAD,DEFEND_IRONCLAD,DEFEND_IRONCLAD,DEFEND_IRONCLAD,HOWL_FROM_BEYOND,STOKE,SWORD_BOOMERANG,FORGOTTEN_RITUAL,BLUDGEON,BLUDGEON,STOMP,JUGGLING,HEADBUTT,CINDER,STOMP,HOWL_FROM_BEYOND,FLAME_BARRIER,BLUDGEON,BLOOD_WALL,ASHEN_STRIKE,JUGGERNAUT,CRUELTY,HOWL_FROM_BEYOND
  [cell] NibbitsWeak                      bucket=Monster wins=4/4 (100%) outcomes=W/W/W/W avg_reward=+38.3
  [cell-deck] NibbitsWeak Monster STRIKE_IRONCLAD,STRIKE_IRONCLAD,STRIKE_IRONCLAD,DEFEND_IRONCLAD,DEFEND_IRONCLAD,CRUELTY,SECOND_WIND,BASH,FEEL_NO_PAIN,DEMONIC_SHIELD,BLOOD_WALL,BASH,SHRUG_IT_OFF,NOT_YET,FLAME_BARRIER,TREMBLE,FIEND_FIRE,SPITE,UPPERCUT,SPITE,FIEND_FIRE,UNMOVABLE,FEED,INFERNAL_BLADE
  [cell] SeapunkWeak                      bucket=Monster wins=4/4 (100%) outcomes=W/W/W/W avg_reward=+35.8
  [cell-deck] SeapunkWeak Monster STRIKE_IRONCLAD,STRIKE_IRONCLAD,STRIKE_IRONCLAD,DEFEND_IRONCLAD,DEFEND_IRONCLAD,BASH,NOT_YET,STOKE,MOLTEN_FIST,PRIMAL_FORCE,PERFECTED_STRIKE,INFLAME,FIGHT_ME,INFERNAL_BLADE,BASH,ARMAMENTS,ARMAMENTS,DARK_EMBRACE,EXPECT_A_FIGHT,EXPECT_A_FIGHT,STOMP,HOWL_FROM_BEYOND,CINDER,JUGGLING,DARK_EMBRACE
  [cell] FossilStalkerNormal              bucket=Monster wins=4/4 (100%) outcomes=W/W/W/W avg_reward=+33.8
  [cell-deck] FossilStalkerNormal Monster STRIKE_IRONCLAD,STRIKE_IRONCLAD,STRIKE_IRONCLAD,DEFEND_IRONCLAD,DEFEND_IRONCLAD,BASH,FLAME_BARRIER,CINDER,HOWL_FROM_BEYOND,HOWL_FROM_BEYOND,CINDER,BARRICADE,CINDER,IMPERVIOUS,INFERNO,FEED,HOWL_FROM_BEYOND,STOMP,PRIMAL_FORCE,POMMEL_STRIKE,HOWL_FROM_BEYOND,EXPECT_A_FIGHT,ASHEN_STRIKE,STONE_ARMOR,STOMP,STOMP
  [cell] PunchConstructNormal             bucket=Monster wins=4/4 (100%) outcomes=W/W/W/W avg_reward=+45.8
  [cell-deck] PunchConstructNormal Monster STRIKE_IRONCLAD,STRIKE_IRONCLAD,STRIKE_IRONCLAD,DEFEND_IRONCLAD,DEFEND_IRONCLAD,SECOND_WIND,FIEND_FIRE,BLOODLETTING,HOWL_FROM_BEYOND,COLOSSUS,INFERNAL_BLADE,BARRICADE,STONE_ARMOR,SPITE,BATTLE_TRANCE,BLUDGEON,PERFECTED_STRIKE,DEMON_FORM,EVIL_EYE,BLUDGEON,STOMP,HOWL_FROM_BEYOND,SECOND_WIND,BODY_SLAM,ASHEN_STRIKE,CASCADE
  [cell] SewerClamNormal                  bucket=Monster wins=4/4 (100%) outcomes=W/W/W/W avg_reward=+33.3
  [cell-deck] SewerClamNormal Monster STRIKE_IRONCLAD,STRIKE_IRONCLAD,STRIKE_IRONCLAD,DEFEND_IRONCLAD,DEFEND_IRONCLAD,DEFEND_IRONCLAD,HOWL_FROM_BEYOND,CINDER,CRIMSON_MANTLE,SETUP_STRIKE,STAMPEDE,HOWL_FROM_BEYOND,STRIKE_IRONCLAD,HOWL_FROM_BEYOND,BLUDGEON,BLUDGEON,PACTS_END,INFERNO,PACTS_END,TRUE_GRIT,CINDER,TEAR_ASUNDER,PERFECTED_STRIKE,BLUDGEON,ONE_TWO_PUNCH,HOWL_FROM_BEYOND,BLUDGEON
  [cell] FuzzyWurmCrawlerWeak             bucket=Monster wins=4/4 (100%) outcomes=W/W/W/W avg_reward=+55.0
  [cell-deck] FuzzyWurmCrawlerWeak Monster STRIKE_IRONCLAD,STRIKE_IRONCLAD,STRIKE_IRONCLAD,DEFEND_IRONCLAD,DEFEND_IRONCLAD,SECOND_WIND,BLUDGEON,EXPECT_A_FIGHT,BARRICADE,POMMEL_STRIKE,BLUDGEON,WHIRLWIND,HEADBUTT,HOWL_FROM_BEYOND,CINDER,UNMOVABLE,MOLTEN_FIST,HOWL_FROM_BEYOND,BLOOD_WALL,PACTS_END,HOWL_FROM_BEYOND,STOMP,INFERNAL_BLADE,TEAR_ASUNDER
  [cell] VineShamblerNormal               bucket=Monster wins=4/4 (100%) outcomes=W/W/W/W avg_reward=+30.3
  [cell-deck] VineShamblerNormal Monster STRIKE_IRONCLAD,STRIKE_IRONCLAD,STRIKE_IRONCLAD,DEFEND_IRONCLAD,DEFEND_IRONCLAD,DEFEND_IRONCLAD,BURNING_PACT,CINDER,BARRICADE,UPPERCUT,BRAND,BLUDGEON,WHIRLWIND,MOLTEN_FIST,DOMINATE,TAUNT,BLUDGEON,CONFLAGRATION,STOMP,CINDER,BARRICADE,EVIL_EYE,PILLAGE,CINDER,CINDER,FEEL_NO_PAIN,DEMON_FORM
